001c6c04,001c6c04,COIN,stop,250,10586,10708,267,267,,10250,0915T140005,0915T140501,0915T183904,10240,,,,0929T205006,11270
004869ac,004869ac,IREN,target,282,5567,5630,7,7,5630,5605,,,,,,,,0929T205006,5575
00d5d5af,00d5d5af,NU,target,188,11476,11508,50,50,11510,11490,,,,,,,,0929T205006,9995
03fa3af8,03fa3af8,META,target,71,39985,40920,527,528,40640,40500,,,,,,,,0929T205006,49700
046e9f32,046e9f32,KEEL,target,13,29061,29700,313,395,,28560,0917T184101,0917T184801,,,0918T151801,,,0929T134001,28800
1fc8303e,046e9f32,KEEL,tp_parcial,12,29061,29700,313,395,,28560,0917T184101,0917T184801,0917T184101,29000,,,,0929T134001,28800
06dd2f00,06dd2f00,META,stop,21,50264,50987,98,123,50700,48860,0928T133205,0928T133205,0928T134602,48840,,,,0929T205006,49700
2b28acaf,06dd2f00,META,tp_parcial,20,50264,50987,98,123,50700,48860,0928T133205,0928T133205,0928T133205,49840,,,,0929T205006,49700
07d48800,07d48800,AMD,stop,34,98875,103893,28,84,,99125,,0928T135305,,,,,,0929T135802,100600
07ea9810,07ea9810,TSLA,target,30,39266,39996,517,835,39540,38480,0917T145803,0917T150208,,,0921T133402,0928T135305,39200,0929T205006,37940
2fad8d39,07ea9810,TSLA,tp_parcial,29,39266,39996,517,835,39540,38480,0917T145803,0917T150208,0921T134002,39660,,,,0929T205006,37940
095db502,095db502,MRNA,target,10,15316,16327,38,38,16020,16020,,,,,,,,0929T205006,17200
80915401,095db502,MRNA,tp_parcial,9,15316,16327,38,38,16020,16020,,,,,,,,0929T205006,17200
0ad888c3,0ad888c3,ARM,target,120,14458,14748,0,16,,,,,,,,,,0929T193702,17640
0be3d6b5,0be3d6b5,MRNA,target,164,12006,12504,201,201,12450,11990,0916T191501,0916T191701,,,0917T140007,,,0929T205006,17200
100b244f,100b244f,META,target,25,46579,47360,30,29,46700,46700,,,,,,,,0929T205006,49700
aa891163,100b244f,META,tp_parcial,24,46579,47360,30,29,46700,46700,,,,,,,,0929T205006,49700
102bd7d4,102bd7d4,MU,target,2,317125,323352,381,390,318275,316075,0918T150703,0918T151303,,,0918T195102,,,0929T205006,344400
65955f27,102bd7d4,MU,tp_parcial,2,317125,323352,381,390,318275,316075,0918T150703,0918T151303,0918T180703,321625,,,,0929T205006,344400
12ea154a,12ea154a,HUT,trailing,89,28582,30064,184,184,29540,29000,,,,,,,,0929T205006,29980
12f452bd,12f452bd,GOOGL,target,260,9521,9665,1388,1388,9610,9410,0915T140005,0915T140005,,,0918T140005,0923T162203,9390,0929T205006,9500
13625b1c,13625b1c,AAPL,target,64,25340,25628,1690,1693,25320,24760,0904T145706,0904T145603,,,0910T145603,,,0929T205006,26500
1427ecf2,1427ecf2,MSFT,target,57,26228,26403,36,36,,26340,,,,,,,,0929T205006,27260
b667188b,1427ecf2,MSFT,tp_parcial,56,26228,26403,36,36,,26340,,,,,,,,0929T205006,27260
145b52c6,145b52c6,MSTR,target,114,10241,10630,404,404,,10250,0917T151503,0917T151404,,,0917T173404,,,0929T205006,12500
d5827681,145b52c6,MSTR,tp_parcial,113,10241,10630,404,404,,10250,0917T151503,0917T151404,0917T151503,10240,,,,0929T205006,12500
15716ece,15716ece,SNDK,target,28,15203,16989,828,844,16060,16030,,,,,,,,0929T205006,16440
93972f6b,15716ece,SNDK,tp_parcial,28,15203,16989,828,844,16060,16030,,,,,,,,0929T205006,16440
15fee89a,15fee89a,MRNA,target,21,12933,13153,205,216,13120,12790,0918T195102,0918T193903,,,0921T133101,,,0929T205006,17200
974b05a8,15fee89a,MRNA,tp_parcial,21,12933,13153,205,216,13120,12790,0918T195102,0918T193903,0918T195102,12720,,,,0929T205006,17200
17912845,17912845,AMZN,target,95,2745,2852,1061,1068,2755,2720,0916T183204,0916T183701,,,0921T133202,,,0929T205006,2770
97f34d10,17912845,AMZN,tp_parcial,94,2745,2852,1061,1068,2755,2720,0916T183204,0916T183701,0917T142901,2795,,,,0929T205006,2770
05fc2c6f,17b24f7e,MSFT,tp_parcial,60,26414,27113,2552,2650,26500,25600,0917T150301,0917T144901,0922T133404,26780,,,,0929T205006,27260
17b24f7e,17b24f7e,MSFT,target,61,26414,27113,2552,2650,26500,25600,0917T150301,0917T144901,,,0925T133202,,,0929T205006,27260
1973992e,1973992e,COIN,stop,269,10159,10421,111,110,10340,9915,0915T194502,0916T140005,0916T141402,9865,,,,0929T205006,11270
1acdfd6d,1acdfd6d,SATL,target,34,9256,9834,229,259,9660,9595,,,,,,,,0929T205006,9040
9582d877,1acdfd6d,SATL,tp_parcial,33,9256,9834,229,259,9660,9595,,,,,,,,0929T205006,9040
1e5a55cd,1e5a55cd,MU,stop,1,316450,349128,1226,1226,,309650,0910T140005,0910T140005,0914T140005,289900,,,,0929T205006,344400
1f7d1f3f,1f7d1f3f,INTC,target,28,30314,31132,614,647,30320,29940,0904T170204,0904T170501,,,0908T140005,,,0929T205006,37440
212b0e60,212b0e60,INTC,stop,29,32320,34129,1179,1179,,31840,0910T140005,0910T140005,0914T140005,30760,,,,0929T205006,37440
22004bac,22004bac,SATL,trailing,162,8544,9213,79,79,8965,8780,,,,,,,,0929T205006,9040
76bc6da5,22004bac,SATL,tp_parcial,161,8544,9213,79,79,8965,8780,,,,,,,,0929T205006,9040
23669a2e,23669a2e,TSLA,target,28,38533,38794,50,50,38620,38500,0908T144502,0908T144502,,,0908T152404,,,0929T205006,37940
07655bfd,25e4806f,AMZN,tp_parcial,271,2839,2864,124,124,2845,2835,0921T150401,0921T150401,0921T161201,2850,,,,0929T205006,2770
25e4806f,25e4806f,AMZN,target,271,2839,2864,124,124,2845,2835,0921T150401,0921T150401,,,0921T162804,0923T172507,2765,0929T205006,2770
25e709d7,25e709d7,KEEL,target,45,26799,28484,147,1196,,26560,0915T140602,0915T140602,,,0917T170304,,,0929T134001,28800
2685e4e3,2685e4e3,LAR,target,46,9444,9508,0,22,,,,,,,,,,0929T205006,8800
807be46a,2685e4e3,LAR,tp_parcial,45,9444,9508,0,22,,,,,,,,,,0929T205006,8800
269be37b,269be37b,ADBE,target,134,9510,9633,279,279,9535,9500,0914T150802,0914T150701,,,,0916T155203,9095,0929T133904,8475
26bb5b1c,26bb5b1c,AVGO,target,84,14640,14864,777,778,,14500,0918T145903,0918T145903,,,0921T183801,0924T132801,14500,0929T205006,14660
fff4e5ec,26bb5b1c,AVGO,tp_parcial,83,14640,14864,777,778,,14500,0918T145903,0918T145903,0918T145903,14610,,,,0929T205006,14660
26d115c0,26d115c0,SATL,stop,92,9779,11084,923,975,10360,9170,0928T194205,0928T194605,0929T151401,9130,,,,0929T205006,9040
02e25d53,2965da30,NBIS,tp_parcial,27,13375,13893,153,153,13900,13710,,,,,,,,0929T205006,13740
2965da30,2965da30,NBIS,target,27,13375,13893,153,153,13900,13710,,,,,,,,0929T205006,13740
2b19ae40,2b19ae40,GGAL,stop,209,7148,7313,0,578,,,,,,,,,,,
2b1acb9e,2b1acb9e,NVDA,target,62,14838,15296,655,704,15050,15010,,,,,,,,0929T205006,15300
a45aaf3d,2b1acb9e,NVDA,tp_parcial,61,14838,15296,655,704,15050,15010,,,,,,,,0929T205006,15300
2c558331,2c558331,XOM,target,100,25241,25573,0,191,,,,,,,,,,0929T151002,25980
2cc34c58,2cc34c58,INTC,target,29,32541,33675,411,410,32800,32800,,,,,,,,0929T205006,37440
2d0c018f,2d0c018f,RGTI,target,84,12563,13073,148,148,12830,12760,,,,,,,,0929T205006,12650
387ac49b,2d0c018f,RGTI,tp_parcial,84,12563,13073,148,148,12830,12760,,,,,,,,0929T205006,12650
2dd877b7,2dd877b7,MSTR,stop,72,10790,11026,791,791,10810,10040,0914T142505,0914T142401,0916T141602,10090,,,,0929T205006,12500
2e751150,2e751150,META,target,45,42334,44598,1646,1646,,42560,,,,,,,,0929T205006,49700
2e87be13,2e87be13,VIST,stop,63,38593,39293,165,177,38700,37700,0918T190209,0918T192405,0921T140301,37700,,,,0929T205006,35880
323eff21,323eff21,TSLA,stop,58,39129,39502,411,437,39160,38060,0928T141105,0928T141105,0929T134704,38020,,,,0929T205006,37940
32d51524,32d51524,LAR,target,29,8762,8843,0,106,,,,,,,,,,0929T205006,8800
e253f6b4,32d51524,LAR,tp_parcial,28,8762,8843,0,106,,,,,,,,,,0929T205006,8800
3334ff74,3334ff74,META,target,13,44212,45422,492,503,45300,42900,0918T195102,0918T195102,,,0921T133101,,,0929T205006,49700
e906a95e,3334ff74,META,tp_parcial,13,44212,45422,492,503,45300,42900,0918T195102,0918T195102,0918T195102,44120,,,,0929T205006,49700
350b8bff,350b8bff,RGTI,trailing,57,13060,13356,317,935,13080,12900,0921T142101,0921T142901,0923T144904,12960,,,,0929T205006,12650
67b64a37,350b8bff,RGTI,tp_parcial,57,13060,13356,317,935,13080,12900,0921T142101,0921T142901,0922T135203,12900,,,,0929T205006,12650
3519cd8c,3519cd8c,IREN,stop,55,6163,6331,924,962,6205,5740,0924T144104,0924T144004,0928T145604,5720,,,,0929T205006,5575
ced31243,3519cd8c,IREN,tp_parcial,55,6163,6331,924,962,6205,5740,0924T144104,0924T144004,0924T171201,6235,,,,0929T205006,5575
368fb457,368fb457,MU,target,1,309114,316332,404,404,,310950,,,,,,,,0929T205006,344400
67b2820c,368fb457,MU,tp_parcial,1,309114,316332,404,404,,310950,,,,,,,,0929T205006,344400
369bb156,369bb156,NU,target,188,11418,11530,68,68,,11420,,,,,,,,0929T205006,9995
36a52a05,36a52a05,MSTR,target,107,10938,12151,157,157,11990,11970,,,,,,,,0929T205006,12500
808e27f7,36a52a05,MSTR,tp_parcial,106,10938,12151,157,157,11990,11970,,,,,,,,0929T205006,12500
37e20e53,37e20e53,SNDK,target,28,15116,15861,33,34,,15830,,,,,,,,0929T205006,16440
9846e6f1,37e20e53,SNDK,tp_parcial,27,15116,15861,33,34,,15830,,,,,,,,0929T205006,16440
0ce1d101,38f27105,XOM,tp_parcial,36,25874,26140,18,410,,26100,,,,,,,,0929T151002,25980
38f27105,38f27105,XOM,target,37,25874,26140,18,410,,26100,,,,,,,,0929T151002,25980
397a7fb8,397a7fb8,TSLA,target,28,38496,39013,64,63,38840,38780,,,,,,,,0929T205006,37940
3acd7e9e,3b177973,AVGO,tp_parcial,96,14538,14930,918,953,14550,14500,0925T141702,0928T144804,0929T133403,14890,,,,0929T205006,14660
3b177973,3b177973,AVGO,target,97,14538,14930,918,953,14550,14500,0925T141702,0928T144804,,,0929T133303,,,0929T205006,14660
3c21e935,3c21e935,RGTI,target,110,12104,12232,208,208,12190,12090,0918T153201,0918T145802,,,0918T175402,,,0929T205006,12650
ee459580,3c21e935,RGTI,tp_parcial,110,12104,12232,208,208,12190,12090,0918T153201,0918T145802,0918T160103,12200,,,,0929T205006,12650
3c30d5ee,3c30d5ee,TSLA,target,28,38476,38995,222,222,38920,38680,,,,,,,,0929T205006,37940
3c4c9e17,3c4c9e17,NVDA,stop,106,14887,14994,959,959,14930,14460,0909T190001,0910T140005,0914T140005,14050,,,,0929T205006,15300
3cc3f8f3,3cc3f8f3,GPRK,stop,30,17890,18625,1542,3430,,17210,0917T171304,0917T171304,0928T163104,17270,,,,0929T205006,16000
9d9cd1f6,3cc3f8f3,GPRK,tp_parcial,30,17890,18625,1542,3430,,17210,0917T171304,0917T171304,0924T150903,18430,,,,0929T205006,16000
3ccf047b,3ccf047b,NU,stop,134,10801,11317,651,706,10890,10150,0928T133205,0928T133104,0928T134305,10170,,,,0929T205006,9995
3cde03ed,3cde03ed,IREN,target,111,5750,6286,845,853,,5655,0917T140007,0917T140007,,,0921T134301,0928T130655,3350,0929T205006,5575
f9775efb,3cde03ed,IREN,tp_parcial,110,5750,6286,845,853,,5655,0917T140007,0917T140007,0918T173801,6030,,,,0929T205006,5575
3ddd9b76,3ddd9b76,COIN,target,161,10803,11180,136,136,,10920,,,,,,,,0929T205006,11270
3f52f622,3f52f622,IREN,target,463,5595,5769,40,40,,5625,,,,,,,,0929T205006,5575
4082c70b,4082c70b,MRNA,target,238,11984,12380,407,407,12130,11860,0915T185101,0915T185301,,,0916T171401,0916T191603,11980,0929T205006,17200
40c5da5c,40c5da5c,WMT,stop,201,9645,10309,3194,4667,9730,9425,0915T151007,0915T192803,0929T140003,9475,,,,0929T205006,9560
41a28293,41a28293,NBIS,stop,237,12540,13109,454,454,,12430,0914T161004,0914T143402,0915T145803,12390,,,,0929T205006,13740
41a7e841,41a7e841,MRNA,target,10,15300,15878,68,68,15550,15470,,,,,,,,0929T205006,17200
754b17c9,41a7e841,MRNA,tp_parcial,9,15300,15878,68,68,15550,15470,,,,,,,,0929T205006,17200
42d41540,42d41540,AMZN,stop,271,2836,2901,1148,1177,2875,2750,0922T133301,0922T133301,0924T134101,2755,,,,0929T205006,2770
6eafd2f4,42d41540,AMZN,tp_parcial,271,2836,2901,1148,1177,2875,2750,0922T133301,0922T133301,0922T133301,2820,,,,0929T205006,2770
1d792a4c,43b31fce,COIN,tp_parcial,80,10864,11366,28,28,11280,11240,,,,,,,,0929T205006,11270
43b31fce,43b31fce,COIN,target,81,10864,11366,28,28,11280,11240,,,,,,,,0929T205006,11270
44209e65,44209e65,MSFT,target,66,26117,26719,2204,2204,,25960,0907T184501,,,,0914T140301,,,0929T205006,27260
45072fb5,45072fb5,RGTI,target,105,12352,12608,48,48,12530,12470,,,,,,,,0929T205006,12650
ad4a642e,45072fb5,RGTI,tp_parcial,105,12352,12608,48,48,12530,12470,,,,,,,,0929T205006,12650
4509d0c1,4509d0c1,NVDA,target,196,13949,14241,630,630,14120,14050,,,,,,,,0929T205006,15300
4590a1c0,4590a1c0,XOM,stop,74,26361,26613,177,645,,26000,0924T161703,0924T161703,0928T133205,26380,,,,0929T151002,25980
45cb0a44,45cb0a44,MU,target,1,317417,331841,836,836,,318075,,,,,,,,0929T205006,344400
46a81503,46a81503,VST,target,168,8664,8799,873,926,8685,8500,0925T134201,0925T133802,,,0929T134203,,,0929T205006,8740
48092bd3,48092bd3,GOOGL,target,201,9330,9499,381,381,9375,9340,,0911T195103,,,,,,0929T205006,9500
48c86196,48c86196,ARM,target,98,14588,15065,0,792,,,,,,,,,,0929T193702,17640
49f0fd67,49f0fd67,RGTI,stop,221,12055,12182,217,378,12210,12020,0915T185101,0915T185101,0917T140007,12490,,,,0929T205006,12650
4b191a60,4b191a60,MELI,stop,36,24477,25137,3208,3266,24610,22650,0915T194205,0915T150202,0924T183904,23440,,,,0929T205006,23000
4d45ca81,4d45ca81,ADI,target,38,38531,38992,0,332,,,,,,,,,,0929T133201,42900
ca0d37f1,4d45ca81,ADI,tp_parcial,37,38531,38992,0,332,,,,,,,,,,0929T133201,42900
4e029a91,4e029a91,IBM,stop,57,24970,25454,269,439,25120,24360,0924T133802,0924T133802,0924T134901,24370,,,,0929T205006,23660
d6de9e26,4e029a91,IBM,tp_parcial,57,24970,25454,269,439,25120,24360,0924T133802,0924T133802,0924T133802,24540,,,,0929T205006,23660
4e755a00,4e755a00,AVGO,stop,129,15060,15241,355,355,15150,14790,0908T154902,0908T153602,0909T142201,14770,,,,0929T205006,14660
4f60a00a,4f60a00a,MSFT,stop,121,26441,27328,968,968,26900,26060,0915T180101,0915T180803,0916T192104,26000,,,,0929T205006,27260
4fa26553,4fa26553,AVGO,stop,68,14827,15023,981,1012,14900,14340,0922T134701,0922T134701,0924T134101,14360,,,,0929T205006,14660
acfd442c,4fa26553,AVGO,tp_parcial,68,14827,15023,981,1012,14900,14340,0922T134701,0922T134701,0922T175804,14940,,,,0929T205006,14660
51d1f566,51d1f566,GGAL,stop,130,6645,6764,0,907,,,,,,,,,,,
e0c480a3,51d1f566,GGAL,tp_parcial,129,6645,6764,0,907,,,,,,,,,,,
5231e950,5231e950,AVGO,target,186,14941,15012,7,7,,14930,0908T140005,0908T140005,,,0908T142204,0909T162801,14700,0929T205006,14660
52621311,52621311,NU,target,206,12056,12365,735,735,12260,12080,,,,,,,,0929T205006,9995
526c6c18,526c6c18,SATL,target,131,8699,8923,284,284,8870,8670,0917T150301,,,,0917T191402,0918T140005,8240,0929T205006,9040
e909d93c,526c6c18,SATL,tp_parcial,131,8699,8923,284,284,8870,8670,0917T150301,,0917T150301,8690,,,,0929T205006,9040
52b56597,52b56597,VST,trailing,207,9017,9774,1975,1979,9290,9040,,,,,,,,0929T205006,8740
52e6f4a1,52e6f4a1,RGTI,target,48,13007,13404,90,176,,13280,,,,,,,,0929T205006,12650
9af4ebb2,52e6f4a1,RGTI,tp_parcial,47,13007,13404,90,176,,13280,,,,,,,,0929T205006,12650
53f839fc,53f839fc,AMD,target,17,73595,75206,75,118,74450,74375,,,,,,,,0929T135802,100600
5597fe15,5597fe15,QCOM,target,63,25584,26034,0,30,,,,,,,,,,0929T141904,27660
55a0216f,55a0216f,MELI,stop,38,25614,25843,1146,1146,25820,24490,0910T154505,0910T154401,0915T141301,24450,,,,0929T205006,23000
55ada1a7,55ada1a7,PLTR,target,7,93966,95759,110,824,,92125,0918T140005,0918T140005,,,0921T135502,,,0928T133104,101075
7cc1b1e9,55ada1a7,PLTR,tp_parcial,7,93966,95759,110,824,,92125,0918T140005,0918T140005,0921T133501,94825,,,,0928T133104,101075
57a6a26c,57a6a26c,MRNA,target,65,11808,12119,81,81,11900,11770,0914T141501,0914T140904,,,0914T152802,,,0929T205006,17200
57c86105,57c86105,ADI,target,31,39448,42196,80,2548,,40940,,,,,,,,0929T133201,42900
bcf66c00,57c86105,ADI,tp_parcial,30,39448,42196,80,2548,,40940,,,,,,,,0929T133201,42900
580986fd,580986fd,RGTI,stop,210,12348,12604,308,308,12380,12050,0914T164403,0914T170401,0915T145104,11990,,,,0929T205006,12650
58a5fb0d,58a5fb0d,GGAL,stop,410,6809,7053,0,332,,,,,,,,,,,
594f4160,594f4160,AMD,stop,29,80009,84070,178,178,82700,82375,,,,,,,,0929T135802,100600
5a7cc0b2,5a7cc0b2,SATL,target,65,8600,9462,776,832,9135,8700,,,,,,,,0929T205006,9040
92c9fa80,5a7cc0b2,SATL,tp_parcial,65,8600,9462,776,832,9135,8700,,,,,,,,0929T205006,9040
5a91ddc8,5a91ddc8,HUT,target,58,28458,28974,69,69,28920,28700,,,,,,,,0929T205006,29980
5b22d7aa,5b22d7aa,ADBE,stop,143,9112,9385,930,1694,,8785,0916T155401,0916T155203,0922T151305,8775,,,,0929T133904,8475
5bd86e53,5bd86e53,NU,stop,188,11450,11810,660,659,11570,11240,0915T140005,0915T140005,0916T140005,11050,,,,0929T205006,9995
5be16b5e,5be16b5e,GGAL,target,310,6980,7002,0,8,,,,,,,,,,,
5c88a7d9,5c88a7d9,AMD,target,13,79249,82297,351,365,,80300,,,,,,,,0929T135802,100600
0896fd9a,5ce19b05,COIN,tp_parcial,80,10808,11575,280,291,11530,11420,,,,,,,,0929T205006,11270
5ce19b05,5ce19b05,COIN,target,81,10808,11575,280,291,11530,11420,,,,,,,,0929T205006,11270
5d6f79b1,5d6f79b1,QCOM,target,63,25532,26650,0,133,,,,,,,,,,0929T141904,27660
5e095623,5e095623,IREN,target,630,5467,5617,349,349,5480,5435,0915T172304,0915T172304,,,0916T140005,0916T192701,5525,0929T205006,5575
5ecdc943,5ecdc943,RGTI,target,228,12272,12400,105,105,12300,12170,0914T143901,0914T144204,,,0914T162501,0915T145104,11990,0929T205006,12650
61f5d10a,61f5d10a,HUT,trailing,89,28680,30166,320,320,,28620,0916T192004,,0916T193205,28700,,,,0929T205006,29980
62261418,62261418,GGAL,stop,309,6953,7054,0,482,,,,,,,,,,,
62f906f6,62f906f6,XOM,stop,40,26271,28146,197,2477,,25140,0916T143601,0916T142504,0923T133105,25380,,,,0929T151002,25980
47f2878c,63613de9,VST,tp_parcial,67,8766,9163,3206,3399,,8425,0914T142702,0914T141901,0917T155102,8955,,,,0929T205006,8740
63613de9,63613de9,VST,stop,68,8766,9163,3206,3399,,8425,0914T142702,0914T141901,0924T134101,8415,,,,0929T205006,8740
65140d54,65140d54,MSTR,stop,274,10140,10219,258,258,10150,9915,0916T143304,0916T143403,0916T185803,9855,,,,0929T205006,12500
6699afd6,6699afd6,MRVL,target,16,27767,28737,685,928,28020,26980,0917T140604,0917T140403,,,0921T151101,,,0929T142904,30160
cc62becc,6699afd6,MRVL,tp_parcial,15,27767,28737,685,928,28020,26980,0917T140604,0917T140403,0921T133501,28200,,,,0929T142904,30160
687250ad,687250ad,GGAL,target,167,6729,6821,0,904,,,,,,,,,,,
97d3f49a,687250ad,GGAL,tp_parcial,167,6729,6821,0,904,,,,,,,,,,,
68ea224b,68ea224b,VIST,target,35,38831,39917,317,317,39060,38940,,,,,,,,0929T205006,35880
691928e6,691928e6,GPRK,stop,88,18653,19387,200,287,18940,18670,,,,,,,,0929T205006,16000
697d6afe,697d6afe,GOOGL,stop,114,9665,10284,1330,1370,9665,9455,0918T141903,0918T142001,0923T141104,9435,,,,0929T205006,9500
c9a2c5b2,697d6afe,GOOGL,tp_parcial,114,9665,10284,1330,1370,9665,9455,0918T141903,0918T142001,0922T135301,10020,,,,0929T205006,9500
6b15ef94,6b15ef94,GPRK,target,88,18674,18978,48,73,,18780,,,,,,,,0929T205006,16000
6c646ea8,6c646ea8,IBM,stop,128,24860,25564,104,312,,24460,0918T140005,0918T140005,0918T141001,24470,,,,0929T205006,23660
6d477a3e,6d477a3e,KO,target,80,27439,27819,1859,2069,,27900,,0908T142103,,,,,,0929T205006,28040
6dad46b9,6dad46b9,COIN,target,90,9995,10198,15,15,9995,9960,0915T185101,0915T185101,,,0915T190005,0916T185901,9590,0929T205006,11270
6ebcb010,6ebcb010,SNDK,stop,33,17487,22131,1733,1848,17810,16370,0922T145803,0922T150302,0928T135504,16440,,,,0929T205006,16440
1f2f1b4f,6f2e1453,SATL,tp_parcial,66,7905,8323,1154,1159,7955,7645,0914T145701,0914T150003,0917T140007,8600,,,,0929T205006,9040
6f2e1453,6f2e1453,SATL,target,66,7905,8323,1154,1159,7955,7645,0914T145701,0914T150003,,,0917T140007,,,0929T205006,9040
1b10ec26,702d037b,GOOGL,tp_parcial,137,9417,9480,867,884,9445,9350,0923T153601,0923T153402,0923T153601,9405,,,,0929T205006,9500
702d037b,702d037b,GOOGL,target,138,9417,9480,867,884,9445,9350,0923T153601,0923T153402,,,0924T161801,,,0929T205006,9500
70cfb569,70cfb569,META,target,25,46487,48873,191,191,47340,47080,,,,,,,,0929T205006,49700
fd79c305,70cfb569,META,tp_parcial,24,46487,48873,191,191,47340,47080,,,,,,,,0929T205006,49700
7194237b,7194237b,SNDK,target,120,14248,14660,23,23,,14420,,,,,,,,0929T205006,16440
43369805,71a1a8df,MRNA,tp_parcial,26,16104,17259,533,562,16830,16700,,,,,,,,0929T205006,17200
71a1a8df,71a1a8df,MRNA,target,27,16104,17259,533,562,16830,16700,,,,,,,,0929T205006,17200
72480822,72480822,INTC,stop,32,39756,40212,115,129,39960,38020,0928T133704,0928T133704,0928T135104,38160,,,,0929T205006,37440
738d3a2c,738d3a2c,JNJ,target,35,27718,28537,0,441,,,,,,,,,,0929T164903,28740
73930847,73930847,OKLO,stop,1414,2174,2323,572,777,2207,2150,0925T140601,0924T190601,0928T135204,2140,,,,0929T205006,2140
74138b78,74138b78,V,stop,47,33020,33837,4,2592,,32840,0921T133101,0921T133101,0923T133105,32140,,,,0929T205006,32600
74ee3ea8,74ee3ea8,INTC,target,29,32519,32757,19,19,32900,32720,,,,,,,,0929T205006,37440
77f4c06c,77f4c06c,MRNA,stop,241,12141,12543,1,1,,11830,0914T140005,,0914T140101,11820,,,,0929T205006,17200
7811af17,7811af17,NU,stop,100,11933,12251,1226,1226,12060,11570,0910T140005,0910T140005,0914T140005,11470,,,,0929T205006,9995
79663b7e,79663b7e,GOOGL,target,124,9104,9365,646,646,9135,9040,0909T180301,0909T180701,,,0911T141708,,,0929T205006,9500
7999b9c8,7999b9c8,UBER,stop,46,57650,58884,248,797,,57000,0914T180604,0914T180404,0916T172304,57300,,,,0929T151205,55700
79ba919f,79ba919f,META,target,13,44353,45138,131,131,45080,44920,,,,,,,,0929T205006,49700
9695b61b,79ba919f,META,tp_parcial,13,44353,45138,131,131,45080,44920,,,,,,,,0929T205006,49700
79f36db9,79f36db9,TSLA,target,28,38453,38969,9,9,39060,39060,,,,,,,,0929T205006,37940
7a4c0d8c,7a4c0d8c,LAR,target,135,8880,9056,49,49,8995,8975,,,,,,,,0929T205006,8800
7aeb64f6,7aeb64f6,ADBE,stop,189,8740,9019,238,940,8760,8335,0924T134101,0924T133802,0928T134305,8305,,,,0929T133904,8475
7c877803,7c877803,OKLO,target,139,2095,2333,2396,2484,2107,1982,0914T161004,0914T160804,,,0922T151901,,,0929T205006,2140
f8228147,7c877803,OKLO,tp_parcial,138,2095,2333,2396,2484,2107,1982,0914T161004,0914T160804,0917T151503,2201,,,,0929T205006,2140
7ce3e61a,7ce3e61a,AMZN,stop,793,2846,2911,2481,2481,,2775,0907T140102,0908T140201,0915T141404,2775,,,,0929T205006,2770
46a51a26,7d19e30f,V,tp_parcial,21,33027,33128,4,238,,33240,,,,,,,,0929T205006,32600
7d19e30f,7d19e30f,V,target,22,33027,33128,4,238,,33240,,,,,,,,0929T205006,32600
078b4fda,7da26ee5,TSLA,tp_parcial,13,38667,39187,2023,2032,38960,37680,0910T195601,0914T140005,0917T140007,39300,,,,0929T205006,37940
7da26ee5,7da26ee5,TSLA,target,14,38667,39187,2023,2032,38960,37680,0910T195601,0914T140005,,,0911T140004,,,0929T205006,37940
7e33cab4,7e33cab4,ADI,target,77,38746,39213,0,799,,,,,,,,,,0929T133201,42900
7eb9e5b9,7eb9e5b9,HUT,stop,58,28200,28764,328,328,28220,27440,0915T140901,0915T140701,0915T195301,27460,,,,0929T205006,29980
7f202c21,7f202c21,IREN,stop,220,5785,5909,268,268,5780,5540,0916T144601,0916T145201,0916T192404,5530,,,,0929T205006,5575
803d1021,803d1021,MSFT,target,62,25945,26050,23,23,26020,25960,0916T192701,,,,0916T194005,,,0929T205006,27260
82044df9,82044df9,VIST,stop,30,37069,38374,852,912,37160,36240,0923T163802,0923T165201,0925T134103,36220,,,,0929T205006,35880
c57674bd,82044df9,VIST,tp_parcial,29,37069,38374,852,912,37160,36240,0923T163802,0923T165201,0924T133407,37860,,,,0929T205006,35880
1da5f74a,840b57c5,MCD,tp_parcial,80,16536,16996,1902,1950,16790,15980,0917T193803,0917T195603,0922T143103,16740,,,,0929T205006,15750
840b57c5,840b57c5,MCD,stop,80,16536,16996,1902,1950,16790,15980,0917T193803,0917T195603,0923T135803,15960,,,,0929T205006,15750
846c78e6,846c78e6,NVDA,target,85,14325,14441,340,340,14350,14180,0916T150101,0916T183804,,,0917T140007,,,0929T205006,15300
8495e827,8495e827,KEEL,target,33,29628,31221,117,117,30300,30300,,,,,,,,0929T134001,28800
8e1c65d6,8495e827,KEEL,tp_parcial,32,29628,31221,117,117,30300,30300,,,,,,,,0929T134001,28800
85034987,85034987,JNJ,stop,64,28480,28826,0,2060,,,,,,,,,,0929T164903,28740
0790e64d,858163ef,RGTI,tp_parcial,114,12250,12378,78,78,12300,12280,0918T184101,,0918T191701,12310,,,,0929T205006,12650
858163ef,858163ef,RGTI,target,114,12250,12378,78,78,12300,12280,0918T184101,,,,0918T192305,,,0929T205006,12650
872bd74a,872bd74a,IREN,stop,220,5783,6037,422,422,5840,5535,0914T143402,0914T143702,0915T144403,5520,,,,0929T205006,5575
50acc00c,88af2483,LAR,tp_parcial,101,9010,9264,7,842,,9345,,,,,,,,0929T205006,8800
88af2483,88af2483,LAR,target,102,9010,9264,7,842,,9345,,,,,,,,0929T205006,8800
895cce1f,895cce1f,AMD,target,33,75271,75863,225,647,75625,75375,,,,,,,,0929T135802,100600
89d56016,89d56016,ORCL,target,34,75934,77836,704,1196,,75800,0914T142702,0914T142702,,,0916T141102,0924T133103,73500,0929T205006,74050
89e003ea,89e003ea,ADBE,stop,134,9496,9620,0,313,,,,,,,,,,0929T133904,8475
89e8c3fc,89e8c3fc,COIN,target,159,10789,10901,0,0,,,,,,,,,,0929T205006,11270
8b3a7805,8b3a7805,NU,stop,111,12406,12581,428,428,,11990,0908T140902,0908T140902,0909T140801,11980,,,,0929T205006,9995
9050a2fd,9050a2fd,GGAL,target,310,6980,7148,0,1647,,,,,,,,,,,
917cdd6c,917cdd6c,MELI,target,66,24652,25310,12,12,25300,25260,,,,,,,,0929T205006,23000
9295a336,9295a336,RGTI,target,157,11872,12248,22,22,,12080,,,,,,,,0929T205006,12650
92c13216,92c13216,NU,stop,90,11270,11526,959,1013,11270,10780,0922T134506,0922T135603,0924T151604,10760,,,,0929T205006,9995
949749ca,949749ca,LAR,stop,90,9430,10131,71,300,,8940,0915T140005,0915T140005,0915T151301,8910,,,,0929T205006,8800
94ec6dcf,94ec6dcf,COIN,target,161,10832,11332,40,40,11190,11180,,,,,,,,0929T205006,11270
94f55944,94f55944,SATL,target,262,8605,8724,17,17,8630,8600,0917T140007,0917T140007,,,0917T140502,0918T140005,8240,0929T205006,9040
9538e12e,9538e12e,NVDA,target,196,13965,14164,165,165,,14030,,,,,,,,0929T205006,15300
95cc3bbd,95cc3bbd,AVGO,target,188,14871,15103,53,53,15030,14970,,,,,,,,0929T205006,14660
96268e9a,96268e9a,INTC,target,30,30423,31359,173,173,,30720,,,,,,,,0929T205006,37440
97437ea3,97437ea3,RGTI,target,210,12336,12444,85,97,12410,12400,,,,,,,,0929T205006,12650
97aeb799,97aeb799,XOM,target,40,26237,26395,70,249,,26020,0910T140005,0910T140005,,,0916T140005,0922T132701,25500,0929T151002,25980
99255eff,99255eff,SNDK,target,110,14516,15056,1014,1014,14730,14190,0915T145303,0915T145403,,,0917T140007,,,0929T205006,16440
8e962ba7,9abd7cd5,ORCL,tp_parcial,6,78778,82019,1224,2086,80825,73575,0918T140005,0918T140005,0918T140005,77525,,,,0929T205006,74050
9abd7cd5,9abd7cd5,ORCL,stop,7,78778,82019,1224,2086,80825,73575,0918T140005,0918T140005,0924T134204,74000,,,,0929T205006,74050
9b9025b4,9b9025b4,NFLX,stop,562,2658,2707,922,922,2677.5,2562.5,0914T141003,0915T140005,0916T161303,2560,,,,0929T205006,2366
9d593e69,9d593e69,QCOM,target,129,25078,25416,0,0,,,,,,,,,,0929T141904,27660
9ede3b68,9ede3b68,GOOGL,stop,203,9290,9336,1198,1198,9290,9140,0904T144901,0904T145002,0909T140004,9045,,,,0929T205006,9500
9f100019,9f100019,AAPL,target,64,25412,26131,331,331,25660,25440,,,,,,,,0929T205006,26500
67b81a99,9f5dfa7c,ADI,tp_parcial,30,39618,40607,0,108,,,,,,,,,,0929T133201,42900
9f5dfa7c,9f5dfa7c,ADI,target,30,39618,40607,0,108,,,,,,,,,,0929T133201,42900
9f895dd3,9f895dd3,NU,target,205,12037,12219,55,55,12160,12160,,,,,,,,0929T205006,9995
7246e649,9ffbe3ee,NVDA,tp_parcial,84,14556,14730,795,805,14640,14200,0917T165803,0921T132701,0918T141601,14690,,,,0929T205006,15300
9ffbe3ee,9ffbe3ee,NVDA,target,85,14556,14730,795,805,14640,14200,0917T165803,0921T132701,,,0918T195601,,,0929T205006,15300
a1c2b6aa,a1c2b6aa,MSTR,target,214,10907,11490,22,22,,11510,,,,,,,,0929T205006,12500
a29aafb1,a29aafb1,QCOM,stop,107,28200,29379,19,21,28340,27600,0928T134004,0928T133805,0928T135204,27660,,,,0929T141904,27660
24dcdcff,a29beaa8,MSFT,tp_parcial,29,27394,27960,262,262,27840,27500,,,,,,,,0929T205006,27260
a29beaa8,a29beaa8,MSFT,target,30,27394,27960,262,262,27840,27500,,,,,,,,0929T205006,27260
a2a3ae69,a2a3ae69,IREN,stop,101,6442,6536,369,377,6510,6125,0923T155405,0923T155703,0924T140203,6150,,,,0929T205006,5575
c7921ab7,a2a3ae69,IREN,tp_parcial,101,6442,6536,369,377,6510,6125,0923T155405,0923T155703,0923T155405,6425,,,,0929T205006,5575
9864caf0,a350aea5,COIN,tp_parcial,80,10821,11433,74,74,11330,11300,,,,,,,,0929T205006,11270
a350aea5,a350aea5,COIN,target,81,10821,11433,74,74,11330,11300,,,,,,,,0929T205006,11270
a42a25f9,a42a25f9,RGTI,target,131,11880,12268,0,234,,,,,,,,,,0929T205006,12650
a490dc5b,a490dc5b,HPQ,stop,12,53714,57962,0,3282,,,,,,,,,,0929T132304,44400
3c33c3ff,a584037b,COIN,tp_parcial,65,9677,10268,775,775,9730,9570,0916T183701,0916T185502,0917T140007,9980,,,,0929T205006,11270
a584037b,a584037b,COIN,target,66,9677,10268,775,775,9730,9570,0916T183701,0916T185502,,,0917T195802,,,0929T205006,11270
a75de2d2,a75de2d2,SNDK,target,110,14512,14660,145,145,14570,14390,0914T145504,0914T145404,,,0914T170601,,,0929T205006,16440
a7839193,a7839193,HUT,target,24,29570,31490,166,174,30340,29540,,0918T200001,,,,,,0929T205006,29980
c15eb6e2,a7839193,HUT,tp_parcial,24,29570,31490,166,174,30340,29540,,0918T200001,,,,,,0929T205006,29980
a9151a7b,a9151a7b,MU,target,1,314836,321399,326,326,317600,315975,,,,,,,,0929T205006,344400
2f2821d1,aacae86d,NU,tp_parcial,67,10806,10891,89,89,10820,10800,0924T155801,0924T155801,0924T165002,10870,,,,0929T205006,9995
aacae86d,aacae86d,NU,target,67,10806,10891,89,89,10820,10800,0924T155801,0924T155801,,,0924T162105,0928T133104,10210,0929T205006,9995
ac5b5f8d,ac5b5f8d,GPRK,target,40,18260,18660,0,438,,,,,,,,,,0929T205006,16000
ad46edff,ad46edff,QCOM,target,63,25573,26318,0,215,,,,,,,,,,0929T141904,27660
ad7b82c6,ad7b82c6,MSTR,target,107,10958,11956,122,122,11670,11590,,,,,,,,0929T205006,12500
b077b67a,ad7b82c6,MSTR,tp_parcial,106,10958,11956,122,122,11670,11590,,,,,,,,0929T205006,12500
a2a12355,af85c98c,ADI,tp_parcial,38,38700,39296,0,405,,,,,,,,,,0929T133201,42900
af85c98c,af85c98c,ADI,target,38,38700,39296,0,405,,,,,,,,,,0929T133201,42900
b09fbd99,b09fbd99,META,target,71,39982,40456,86,86,40280,40240,,,,,,,,0929T205006,49700
b18b8764,b18b8764,TSLA,stop,59,39095,40731,420,420,,39140,0909T195402,,0910T140005,38920,,,,0929T205006,37940
b2e99113,b2e99113,ORCL,stop,6,83700,91861,1053,1662,,80075,0910T140005,0910T140005,0914T140005,77050,,,,0929T205006,74050
b3414a79,b3414a79,LAR,stop,202,9084,9340,71,364,9100,9080,0915T195203,,0916T191902,8690,,,,0929T205006,8800
b3a657ce,b3a657ce,XOM,target,97,24970,25299,0,407,,,,,,,,,,0929T151002,25980
b3d406f8,b3d406f8,RGTI,target,171,11972,12219,115,115,12040,11990,,0915T150403,,,,,,0929T205006,12650
b47a4c24,b47a4c24,AMD,target,17,73649,74498,0,9,,,,,,,,,,0929T135802,100600
b832acf3,b832acf3,XOM,target,40,26265,26423,0,170,,,,,,,,,,0929T151002,25980
b931eed5,b931eed5,SATL,target,104,8502,8694,40,40,8630,8525,,,,,,,,0929T205006,9040
e0840a41,b931eed5,SATL,tp_parcial,103,8502,8694,40,40,8630,8525,,,,,,,,0929T205006,9040
ba193353,ba193353,NVDA,target,160,14483,14586,15,16,,14570,,,,,,,,0929T205006,15300
bc7143d4,bc7143d4,ADI,target,71,38287,38677,0,0,,,,,,,,,,0929T133201,42900
1c57d7d1,bcc7400f,IREN,tp_parcial,67,6398,6492,678,724,6440,6250,0921T191304,0921T191304,0921T191304,6380,,,,0929T205006,5575
bcc7400f,bcc7400f,IREN,target,67,6398,6492,678,724,6440,6250,0921T191304,0921T191304,,,0922T135505,0924T132602,3350,0929T205006,5575
5df46a94,be96f028,AMD,tp_parcial,1,97419,99651,83,424,,97100,0924T133103,0924T132902,0924T133103,96600,,,,0929T135802,100600
be96f028,be96f028,AMD,target,2,97419,99651,83,424,,97100,0924T133103,0924T132902,,,0924T134204,,,0929T135802,100600
beb0bd28,beb0bd28,MRVL,target,36,25152,27407,941,1174,25300,24890,0914T144204,0914T144204,,,0917T140007,,,0929T142904,30160
c0b3a45d,c0b3a45d,IREN,target,243,5607,5782,13,13,,5730,,,,,,,,0929T205006,5575
c140ac60,c140ac60,INTC,target,30,30471,33559,519,1014,31460,31080,,,,,,,,0929T205006,37440
c1d9991f,c1d9991f,MELI,target,46,25350,25505,12,12,25560,25500,,,,,,,,0929T205006,23000
c50da1ce,c50da1ce,KEEL,stop,17,32117,33646,46,1177,,30440,0924T133103,0924T133103,0928T193804,29100,,,,0929T134001,28800
c5494eea,c5494eea,LAR,stop,91,9442,11013,113,1306,,8985,0924T133103,0924T133103,0924T152004,8965,,,,0929T205006,8800
c6ff68d1,c6ff68d1,NBIS,target,27,13386,13532,50,50,13440,13440,,0921T142202,,,,,,0929T205006,13740
e1effd7e,c6ff68d1,NBIS,tp_parcial,27,13386,13532,50,50,13440,13440,,0921T142202,,,,,,0929T205006,13740
cb657b9d,cb657b9d,SPCX,target,197,4686,4845,9,9,4830,4815,,,,,,,,0929T205006,4817.5
ccc18089,ccc18089,MELI,stop,56,26069,26626,1213,1213,26320,25320,0907T140004,0907T140004,0909T140004,24700,,,,0929T205006,23000
cdb989f0,cdb989f0,GOOGL,target,190,9559,9632,43,43,9590,9565,0914T171701,,,,0914T175701,0923T165603,9355,0929T205006,9500
ce085485,ce085485,NFLX,stop,945,2526,2610,666,666,,2507.5,0917T140102,0917T151003,0918T140005,2386,,,,0929T205006,2366
cf799980,cf799980,COIN,trailing,162,10792,11436,200,200,11380,11170,,,,,,,,0929T205006,11270
bb010ffd,d048e66c,AMD,tp_parcial,17,97827,100067,0,54,,,,,,,,,,0929T135802,100600
d048e66c,d048e66c,AMD,target,18,97827,100067,0,54,,,,,,,,,,0929T135802,100600
0148ab09,d05e51fd,NBIS,tp_parcial,39,12504,13176,1220,1229,,12350,0916T191803,0916T191902,0917T170701,12900,,,,0929T205006,13740
d05e51fd,d05e51fd,NBIS,target,40,12504,13176,1220,1229,,12350,0916T191803,0916T191902,,,0918T191401,,,0929T205006,13740
d20cbe60,d20cbe60,MCD,stop,164,16957,17398,2355,2434,17000,16800,0908T144403,0908T143401,0916T140005,16580,,,,0929T205006,15750
d27bd769,d27bd769,VIST,stop,41,39677,40417,830,830,39760,38520,0916T191004,0916T191403,0918T151103,38500,,,,0929T205006,35880
d2e4291c,d2e4291c,SPCX,target,198,4728,4801,490,490,,4667.5,0907T140004,0907T140504,,,0908T152707,,,0929T205006,4817.5
d483e722,d483e722,JNJ,target,26,28405,28858,0,813,,,,,,,,,,0929T164903,28740
f7ed7c39,d483e722,JNJ,tp_parcial,25,28405,28858,0,813,,,,,,,,,,0929T164903,28740
d72eef2f,d72eef2f,OKLO,stop,429,2259,2502,752,931,2334,2180,0923T133503,0923T133602,0924T154902,2172,,,,0929T205006,2140
38247e54,d7baae91,QCOM,tp_parcial,34,28130,29060,150,669,,28080,0924T135902,0924T135404,0924T135902,28140,,,,0929T141904,27660
d7baae91,d7baae91,QCOM,target,35,28130,29060,150,669,,28080,0924T135902,0924T135404,,,0925T134103,0928T134305,27840,0929T141904,27660
d7cdde89,d7cdde89,TSLA,stop,25,40740,43723,1130,1373,40780,39220,0923T141201,0923T141104,0928T135104,39220,,,,0929T205006,37940
d83f813d,d83f813d,UBER,stop,25,56938,58130,651,2051,,54975,0916T190209,0916T191501,0923T140903,55000,,,,0929T151205,55700
4dfcf87a,d8f29ebe,QCOM,tp_parcial,9,27674,28408,1208,1386,27760,25620,0917T142701,0917T142701,0921T185104,28060,,,,0929T141904,27660
d8f29ebe,d8f29ebe,QCOM,target,9,27674,28408,1208,1386,27760,25620,0917T142701,0917T142701,,,0922T152901,,,0929T141904,27660
da17526a,da17526a,LAR,stop,182,9113,9370,556,738,9140,8660,0924T170801,0924T175505,0928T134305,8645,,,,0929T205006,8800
40a8ba94,da4bfbe4,HUT,tp_parcial,44,28614,30058,626,626,29220,28880,,,,,,,,0929T205006,29980
da4bfbe4,da4bfbe4,HUT,target,45,28614,30058,626,626,29220,28880,,,,,,,,0929T205006,29980
37f31bc3,db2bc16b,SATL,tp_parcial,104,8490,8906,77,77,8810,8780,,,,,,,,0929T205006,9040
db2bc16b,db2bc16b,SATL,target,104,8490,8906,77,77,8810,8780,,,,,,,,0929T205006,9040
9b4d4547,dce1e17d,MU,tp_parcial,1,329473,348431,87,87,346300,345500,,,,,,,,0929T205006,344400
dce1e17d,dce1e17d,MU,target,2,329473,348431,87,87,346300,345500,,,,,,,,0929T205006,344400
df3596ea,df3596ea,TSLA,target,49,37586,38192,318,318,37740,37600,0907T163001,,,,0907T192603,,,0929T205006,37940
dfb8baff,dfb8baff,MRNA,trailing,237,12008,12405,360,360,12150,11970,0915T141105,0915T140701,0915T145803,11930,,,,0929T205006,17200
dfbe1b20,dfbe1b20,INTC,target,5,38587,40696,173,173,40420,40040,,,,,,,,0929T205006,37440
f1364834,dfbe1b20,INTC,tp_parcial,4,38587,40696,173,173,40420,40040,,,,,,,,0929T205006,37440
70c90710,dfbe6e26,PLTR,tp_parcial,4,97913,98999,14,466,98100,97800,0922T134404,,0923T133401,98900,,,,0928T133104,101075
dfbe6e26,dfbe6e26,PLTR,target,5,97913,98999,14,466,98100,97800,0922T134404,,,,0923T133401,,,0928T133104,101075
dfd1a179,dfd1a179,KEEL,trailing,64,29608,40400,896,1137,31700,31600,,,,,,,,0929T134001,28800
ad23c827,e03cbbef,GGAL,tp_parcial,125,6491,6747,0,896,,,,,,,,,,,
e03cbbef,e03cbbef,GGAL,stop,126,6491,6747,0,896,,,,,,,,,,,
9736ee52,e06eb8ab,INTC,tp_parcial,4,38385,39873,424,878,38940,38740,,,,,,,,0929T205006,37440
e06eb8ab,e06eb8ab,INTC,target,5,38385,39873,424,878,38940,38740,,,,,,,,0929T205006,37440
e2869b01,e2869b01,MELI,target,66,24664,25156,250,251,24980,24820,,,,,,,,0929T205006,23000
e2e338ee,e2e338ee,SATL,target,227,7709,8041,27,27,,7755,0914T140005,,,,0915T164403,,,0929T205006,9040
e342106c,e342106c,MU,target,5,289010,301669,858,1196,,290025,,0914T140005,,,,,,0929T205006,344400
e38598d1,e38598d1,SNDK,stop,24,16184,16935,1023,1023,16610,15230,0910T140005,0910T140005,0914T140005,14400,,,,0929T205006,16440
d0a57259,e42d0123,XOM,tp_parcial,39,25231,25843,4,430,,25620,,,,,,,,0929T151002,25980
e42d0123,e42d0123,XOM,target,40,25231,25843,4,430,,25620,,,,,,,,0929T151002,25980
e4a94677,e4a94677,COIN,target,249,10591,10713,0,0,,,,,,,,,,0929T205006,11270
a9791687,e5ce89a6,ADI,tp_parcial,25,39239,39691,1,416,,40300,,,,,,,,0929T133201,42900
e5ce89a6,e5ce89a6,ADI,target,26,39239,39691,1,416,,40300,,,,,,,,0929T133201,42900
e5e235ce,e5e235ce,MRNA,target,238,11975,12094,106,106,12030,11960,0915T153603,0915T153603,,,0915T163603,,,0929T205006,17200
e64c295a,e64c295a,IBM,target,55,25557,25675,93,187,,25100,0916T191803,0916T191803,,,,0918T140005,24650,0929T205006,23660
e6ac34e9,e6ac34e9,RGTI,stop,85,12497,13003,363,363,12770,12150,0918T140005,0918T140005,0918T141601,12130,,,,0929T205006,12650
fe8c8a18,e6ac34e9,RGTI,tp_parcial,84,12497,13003,363,363,12770,12150,0918T140005,0918T140005,0918T140005,12340,,,,0929T205006,12650
2bfb61c7,e6ed6c86,ADI,tp_parcial,30,39542,40160,0,67,,,,,,,,,,0929T133201,42900
e6ed6c86,e6ed6c86,ADI,target,30,39542,40160,0,67,,,,,,,,,,0929T133201,42900
e7092bb1,e7092bb1,ARM,target,120,14435,14723,296,376,,14180,0914T154802,0914T154802,,,0917T140305,,,0929T193702,17640
acf6f453,e904f28b,MRVL,tp_parcial,19,28967,30553,219,416,29740,29520,,,,,,,,0929T142904,30160
e904f28b,e904f28b,MRVL,target,20,28967,30553,219,416,29740,29520,,,,,,,,0929T142904,30160
0d595bbf,ead2b326,ORCL,tp_parcial,6,78632,80501,114,114,,78950,,,,,,,,0929T205006,74050
ead2b326,ead2b326,ORCL,target,7,78632,80501,114,114,,78950,,,,,,,,0929T205006,74050
eae4947d,eae4947d,GOOGL,target,135,9446,9563,157,157,9565,9470,,,,,,,,0929T205006,9500
eae88110,eae88110,AVGO,stop,128,14814,15004,1210,1210,14870,14720,0909T145701,0909T145601,0914T140005,14250,,,,0929T205006,14660
8278f42d,eaea6649,AMD,tp_parcial,3,86470,87250,0,63,,,,,,,,,,0929T135802,100600
eaea6649,eaea6649,AMD,target,4,86470,87250,0,63,,,,,,,,,,0929T135802,100600
8922e4e7,eb83e17d,LAC,tp_parcial,56,4647,4888,4144,4782,4690,4287.5,0914T180501,0914T195003,0921T155004,4767.5,,,,0929T205006,4270
eb83e17d,eb83e17d,LAC,stop,57,4647,4888,4144,4782,4690,4287.5,0914T180501,0914T195003,0929T162903,4285,,,,0929T205006,4270
ed3f2daa,ed3f2daa,WMT,target,201,9642,9712,108,108,9700,9670,,,,,,,,0929T205006,9560
eea87ab5,eea87ab5,AMD,target,29,80180,82732,14,14,82650,82475,,,,,,,,0929T135802,100600
b99bc29a,efabf1e8,IBM,tp_parcial,44,24574,24993,788,1250,24640,24360,0918T160503,0918T161601,0921T153002,24340,,,,0929T205006,23660
efabf1e8,efabf1e8,IBM,target,45,24574,24993,788,1250,24640,24360,0918T160503,0918T161601,,,0923T133303,0925T164804,24360,0929T205006,23660
774026e1,eff21add,SATL,tp_parcial,103,8475,9082,595,603,8970,8635,,,,,,,,0929T205006,9040
eff21add,eff21add,SATL,target,104,8475,9082,595,603,8970,8635,,,,,,,,0929T205006,9040
c97af419,f114c912,VIST,tp_parcial,29,37080,38017,855,890,37180,36720,0921T174103,0922T134003,0922T135701,37240,,,,0929T205006,35880
f114c912,f114c912,VIST,target,30,37080,38017,855,890,37180,36720,0921T174103,0922T134003,,,0923T135201,0924T200905,36800,0929T205006,35880
f27c3855,f27c3855,JNJ,stop,65,29101,29284,0,615,,,,,,,,,,0929T164903,28740
f364a93a,f364a93a,KEEL,target,65,29549,30100,16,16,30200,30020,,,,,,,,0929T134001,28800
b85b651f,f3f4c0f3,RGTI,tp_parcial,110,12923,13317,337,378,13170,13090,,,,,,,,0929T205006,12650
f3f4c0f3,f3f4c0f3,RGTI,target,111,12923,13317,337,378,13170,13090,,,,,,,,0929T205006,12650
f51ec954,f51ec954,AMD,target,32,76675,82585,21,585,,81150,,,,,,,,0929T135802,100600
f62311b6,f62311b6,SATL,target,74,8173,8330,425,438,,8025,0918T140903,0918T140504,,,0921T133304,,,0929T205006,9040
f89878d0,f62311b6,SATL,tp_parcial,74,8173,8330,425,438,,8025,0918T140903,0918T140504,0918T140903,8140,,,,0929T205006,9040
616b3b78,f730eb6c,META,tp_parcial,24,46475,50454,1039,1103,49740,49000,,,,,,,,0929T205006,49700
f730eb6c,f730eb6c,META,target,25,46475,50454,1039,1103,49740,49000,,,,,,,,0929T205006,49700
f73180f6,f73180f6,XOM,target,107,26254,26685,0,563,,,,,,,,,,0929T151002,25980
b0de165d,f94ef59b,META,tp_parcial,24,46545,49521,53,53,49260,49260,,,,,,,,0929T205006,49700
f94ef59b,f94ef59b,META,target,25,46545,49521,53,53,49260,49260,,,,,,,,0929T205006,49700
958b0945,fc34daa0,AVGO,tp_parcial,115,13864,14262,355,355,13920,13790,0916T183701,0916T185803,0917T140007,14260,,,,0929T205006,14660
fc34daa0,fc34daa0,AVGO,target,116,13864,14262,355,355,13920,13790,0916T183701,0916T185803,,,0917T140007,,,0929T205006,14660
637145eb,fc5592cc,RGTI,tp_parcial,78,13044,13244,371,403,13100,12620,0923T153002,0923T155405,0923T153002,13040,,,,0929T205006,12650
fc5592cc,fc5592cc,RGTI,stop,78,13044,13244,371,403,13100,12620,0923T153002,0923T155405,0924T135804,12650,,,,0929T205006,12650
af1a7492,fc679282,XOM,tp_parcial,17,24831,25297,0,67,,,,,,,,,,0929T151002,25980
fc679282,fc679282,XOM,target,18,24831,25297,0,67,,,,,,,,,,0929T151002,25980
bc837505,fe431d25,COIN,tp_parcial,80,10784,11159,33,34,,10940,,,,,,,,0929T205006,11270
fe431d25,fe431d25,COIN,target,81,10784,11159,33,34,,10940,,,,,,,,0929T205006,11270
fe7a2a81,fe7a2a81,IREN,stop,349,5711,5888,485,492,5735,5560,0928T170204,0928T170102,0929T165304,5555,,,,0929T205006,5575
773edee4,ff7cf67a,PLTR,tp_parcial,8,90484,94050,2,1171,,93725,,,,,,,,0928T133104,101075
ff7cf67a,ff7cf67a,PLTR,target,8,90484,94050,2,1171,,93725,,,,,,,,0928T133104,101075
f662c7ab,ffc8260e,AVGO,tp_parcial,74,14312,14523,474,474,14350,14330,0924T142902,,0924T164201,14450,,,,0929T205006,14660
ffc8260e,ffc8260e,AVGO,target,75,14312,14523,474,474,14350,14330,0924T142902,,,,0924T195601,,,0929T205006,14660
ffd7cbd0,ffd7cbd0,IBM,stop,101,26126,27414,187,187,26600,26340,,,,,,,,0929T205006,23660
