pid,ticker,padre,con_tp,intradia_sim,created,entry_sim,exit_sim,L,qty,notional,cobertura,pnl_sim,estado_estricto,te_estricto,pnl_estricto,estado_laxo,te_laxo,pnl_laxo,ask_al_fill,min_ask
001c6c04,COIN,stop,0,1,2026-09-15T13:41:25.000Z,2026-09-15T13:45:13.000Z,2026-09-15T18:38:47.000Z,10586,250,2646500,1.00,-89650,existe,2026-09-15T14:02:04.000Z,-89650,existe,2026-09-15T14:00:05.000Z,-89650,,10250
004869ac,IREN,target,0,1,2026-09-16T19:44:35.000Z,2026-09-16T19:47:23.000Z,2026-09-16T19:51:50.000Z,5567,282,1569894,1.00,20083,no_lleno,,,no_lleno,,,5630,5605
00d5d5af,NU,target,0,1,2026-09-14T15:20:25.000Z,2026-09-14T15:25:47.000Z,2026-09-14T16:13:05.000Z,11476,188,2157488,1.00,3778,no_lleno,,,no_lleno,,,11510,11490
03fa3af8,META,target,0,0,2026-09-04T19:07:28.000Z,2026-09-04T19:10:47.000Z,2026-09-08T14:08:02.000Z,39985,71,2838935,1.00,67167,no_lleno,,,no_lleno,,,40640,40500
046e9f32,KEEL,target,1,0,2026-09-17T15:44:33.000Z,2026-09-17T15:48:19.000Z,2026-09-18T15:36:43.000Z,29061,25,726525,0.79,15686,existe,2026-09-17T18:48:01.000Z,5492,existe,2026-09-17T18:41:01.000Z,6691,,28560
06dd2f00,META,stop,1,0,2026-09-25T19:35:38.000Z,2026-09-25T19:38:35.000Z,2026-09-28T13:45:37.000Z,50264,41,2060824,0.80,-20307,existe,2026-09-28T13:32:05.000Z,-40854,existe,2026-09-28T13:32:05.000Z,-40854,50700,48860
07d48800,AMD,stop,0,1,2026-09-28T13:32:26.000Z,2026-09-28T14:16:22.000Z,2026-09-28T14:58:39.000Z,98875,34,3361750,0.33,-60983,indeterminada,,,indeterminada,,,,99125
07ea9810,TSLA,target,1,0,2026-09-17T14:25:04.000Z,2026-09-17T14:28:57.000Z,2026-09-21T14:02:50.000Z,39266,59,2316694,0.62,34220,existe,2026-09-17T14:58:03.000Z,30503,existe,2026-09-17T14:58:03.000Z,30503,39540,38480
095db502,MRNA,target,1,1,2026-09-24T18:42:32.000Z,2026-09-24T18:45:26.000Z,2026-09-24T19:20:50.000Z,15316,19,291004,1.00,18203,no_lleno,,,no_lleno,,,16020,16020
0ad888c3,ARM,target,0,1,2026-09-14T13:35:16.000Z,2026-09-14T13:38:53.000Z,2026-09-14T14:15:08.000Z,14458,120,1734960,0.00,29322,sin_datos,,,sin_datos,,,,
0be3d6b5,MRNA,target,0,0,2026-09-16T17:24:47.000Z,2026-09-16T17:28:15.000Z,2026-09-17T13:40:26.000Z,12006,164,1968984,1.00,145784,existe,2026-09-16T19:17:01.000Z,79240,existe,2026-09-16T19:15:01.000Z,79240,12450,11990
100b244f,META,target,1,1,2026-09-21T13:45:02.000Z,2026-09-21T13:48:41.000Z,2026-09-21T14:15:49.000Z,46579,49,2282371,1.03,34665,no_lleno,,,no_lleno,,,46700,46700
102bd7d4,MU,target,1,0,2026-09-18T14:37:17.000Z,2026-09-18T14:41:05.000Z,2026-09-21T13:30:48.000Z,317125,4,1268500,0.98,43038,existe,2026-09-18T15:07:03.000Z,19906,existe,2026-09-18T15:07:03.000Z,19906,318275,316075
12ea154a,HUT,trailing,0,0,2026-09-14T17:45:02.000Z,2026-09-14T17:48:41.000Z,2026-09-15T13:58:59.000Z,28582,89,2543798,1.00,-15708,no_lleno,,,no_lleno,,,29540,29000
12f452bd,GOOGL,target,0,0,2026-09-14T17:43:24.000Z,2026-09-14T17:46:27.000Z,2026-09-18T13:41:39.000Z,9521,260,2475460,1.00,86391,existe,2026-09-15T14:00:05.000Z,34422,existe,2026-09-15T14:00:05.000Z,34422,9610,9410
13625b1c,AAPL,target,0,0,2026-09-04T14:33:00.000Z,2026-09-04T14:58:15.000Z,2026-09-10T15:00:30.000Z,25340,64,1621760,1.00,24901,existe,2026-09-04T14:57:06.000Z,16459,existe,2026-09-04T14:57:06.000Z,16459,25320,24760
1427ecf2,MSFT,target,1,1,2026-09-17T13:35:22.000Z,2026-09-17T13:40:29.000Z,2026-09-17T14:35:49.000Z,26228,113,2963764,1.00,22654,no_lleno,,,no_lleno,,,,26340
145b52c6,MSTR,target,1,0,2026-09-17T13:37:14.000Z,2026-09-17T13:43:56.000Z,2026-09-18T13:41:40.000Z,10241,227,2324707,1.00,135726,no_lleno,,,existe,2026-09-17T15:15:03.000Z,41393,,10250
15716ece,SNDK,target,1,0,2026-09-18T14:39:08.000Z,2026-09-18T14:42:12.000Z,2026-09-22T13:45:24.000Z,15203,56,851368,0.98,74077,no_lleno,,,no_lleno,,,16060,16030
15fee89a,MRNA,target,1,0,2026-09-18T17:45:01.000Z,2026-09-18T17:47:48.000Z,2026-09-21T13:40:56.000Z,12933,42,543186,0.95,19364,existe,2026-09-18T19:51:02.000Z,-510,existe,2026-09-18T19:51:02.000Z,-510,13120,12790
17912845,AMZN,target,1,0,2026-09-16T17:36:56.000Z,2026-09-16T17:40:19.000Z,2026-09-21T14:18:54.000Z,2745,189,518805,0.99,14323,existe,2026-09-16T18:32:04.000Z,14228,existe,2026-09-16T18:32:04.000Z,14228,2755,2720
17b24f7e,MSFT,target,1,0,2026-09-17T14:38:37.000Z,2026-09-17T14:41:51.000Z,2026-09-25T13:47:35.000Z,26414,121,3196094,0.96,100136,existe,2026-09-17T15:05:02.000Z,60693,existe,2026-09-17T15:03:01.000Z,60693,26500,25600
1973992e,COIN,stop,0,0,2026-09-15T19:17:08.000Z,2026-09-15T19:20:46.000Z,2026-09-16T14:13:57.000Z,10159,269,2732771,1.01,-82345,existe,2026-09-15T19:47:01.000Z,-82345,existe,2026-09-15T19:45:02.000Z,-82345,10340,9915
1acdfd6d,SATL,target,1,0,2026-09-24T17:31:43.000Z,2026-09-24T17:34:35.000Z,2026-09-25T13:50:57.000Z,9256,67,620152,0.88,42641,no_lleno,,,no_lleno,,,9660,9595
1e5a55cd,MU,stop,0,0,2026-09-09T14:15:22.000Z,2026-09-10T13:35:57.000Z,2026-09-14T13:38:50.000Z,316450,1,316450,1.00,-26817,existe,2026-09-10T14:00:05.000Z,-26917,existe,2026-09-10T14:00:05.000Z,-26917,,309650
1f7d1f3f,INTC,target,0,0,2026-09-04T16:59:33.000Z,2026-09-04T17:03:13.000Z,2026-09-08T13:33:35.000Z,30314,28,848792,0.95,53428,existe,2026-09-04T17:05:01.000Z,21863,existe,2026-09-04T17:02:04.000Z,21863,30320,29940
212b0e60,INTC,stop,0,0,2026-09-09T15:02:46.000Z,2026-09-10T13:33:45.000Z,2026-09-14T13:33:54.000Z,32320,29,937280,1.00,-46926,existe,2026-09-10T14:00:05.000Z,-46347,existe,2026-09-10T14:00:05.000Z,-46347,,31840
22004bac,SATL,trailing,1,0,2026-09-17T19:36:04.000Z,2026-09-17T19:39:13.000Z,2026-09-18T13:46:16.000Z,8544,323,2759712,1.00,-10667,no_lleno,,,no_lleno,,,8965,8780
23669a2e,TSLA,target,0,1,2026-09-08T14:39:38.000Z,2026-09-08T14:43:05.000Z,2026-09-08T15:29:12.000Z,38533,28,1078924,1.00,8405,existe,2026-09-08T14:49:02.000Z,5998,existe,2026-09-08T14:45:02.000Z,5998,38620,38500
25e4806f,AMZN,target,1,1,2026-09-21T14:31:44.000Z,2026-09-21T14:34:53.000Z,2026-09-21T16:39:08.000Z,2839,542,1538738,1.00,10867,existe,2026-09-21T15:04:01.000Z,7888,existe,2026-09-21T15:04:01.000Z,7888,2845,2835
25e709d7,KEEL,target,0,0,2026-09-14T13:35:01.000Z,2026-09-14T13:38:53.000Z,2026-09-17T13:41:38.000Z,26799,45,1205955,0.12,84034,existe,2026-09-15T14:06:02.000Z,74320,existe,2026-09-15T14:06:02.000Z,74320,,26560
2685e4e3,LAR,target,1,1,2026-09-21T15:49:31.000Z,2026-09-21T15:54:31.000Z,2026-09-21T16:13:45.000Z,9444,91,859404,0.00,5892,sin_datos,,,sin_datos,,,,
269be37b,ADBE,target,0,1,2026-09-14T15:06:07.000Z,2026-09-14T15:09:49.000Z,2026-09-14T20:00:17.000Z,9510,134,1274340,1.00,14528,existe,2026-09-14T15:31:04.000Z,-57118,existe,2026-09-14T15:08:02.000Z,-57118,9535,9500
26bb5b1c,AVGO,target,1,0,2026-09-18T13:36:30.000Z,2026-09-18T13:39:24.000Z,2026-09-21T19:33:48.000Z,14640,167,2444880,1.00,29652,existe,2026-09-18T14:59:03.000Z,13358,existe,2026-09-18T14:59:03.000Z,13358,,14500
26d115c0,SATL,stop,0,0,2026-09-25T14:06:56.000Z,2026-09-25T14:10:39.000Z,2026-09-29T15:13:37.000Z,9779,92,899668,0.95,-58462,existe,2026-09-28T19:47:02.000Z,-60760,existe,2026-09-28T19:42:05.000Z,-60760,10360,9170
2965da30,NBIS,target,1,1,2026-09-21T15:21:53.000Z,2026-09-21T15:25:31.000Z,2026-09-21T17:59:34.000Z,13375,54,722250,1.00,28268,no_lleno,,,no_lleno,,,13900,13710
2b19ae40,GGAL,stop,0,0,2026-09-10T15:14:51.000Z,2026-09-10T15:18:44.000Z,2026-09-11T18:06:17.000Z,7148,209,1493932,0.00,-46298,sin_datos,,,sin_datos,,,,
2b1acb9e,NVDA,target,1,0,2026-09-24T17:31:27.000Z,2026-09-24T17:34:34.000Z,2026-09-28T13:42:16.000Z,14838,123,1825074,0.93,82497,no_lleno,,,no_lleno,,,15050,15010
2c558331,XOM,target,0,0,2026-09-08T17:48:04.000Z,2026-09-08T17:51:57.000Z,2026-09-09T13:33:25.000Z,25241,100,2524100,0.00,58808,sin_datos,,,sin_datos,,,,
2cc34c58,INTC,target,0,0,2026-09-08T15:10:00.000Z,2026-09-08T15:13:59.000Z,2026-09-09T15:00:12.000Z,32541,29,943689,1.00,37086,no_lleno,,,no_lleno,,,32800,32800
2d0c018f,RGTI,target,1,1,2026-09-24T14:07:11.000Z,2026-09-24T14:09:59.000Z,2026-09-24T16:35:33.000Z,12563,168,2110584,1.00,74175,no_lleno,,,no_lleno,,,12830,12760
2dd877b7,MSTR,stop,0,0,2026-09-14T14:21:05.000Z,2026-09-14T14:24:39.000Z,2026-09-16T14:15:26.000Z,10790,72,776880,1.00,-52029,existe,2026-09-14T14:25:05.000Z,-51310,existe,2026-09-14T14:25:05.000Z,-51310,10810,10040
2e751150,META,target,0,0,2026-09-09T13:45:06.000Z,2026-09-09T13:48:34.000Z,2026-09-15T14:05:47.000Z,42334,45,1905030,1.00,116693,no_lleno,,,no_lleno,,,,42560
2e87be13,VIST,stop,0,0,2026-09-18T18:45:13.000Z,2026-09-18T18:49:12.000Z,2026-09-21T14:02:52.000Z,38593,63,2431359,0.93,-59167,existe,2026-09-18T19:08:04.000Z,-59167,existe,2026-09-18T19:02:09.000Z,-59167,38700,37700
323eff21,TSLA,stop,0,0,2026-09-28T14:04:56.000Z,2026-09-28T14:09:15.000Z,2026-09-29T13:46:34.000Z,39129,58,2269482,0.94,-65870,existe,2026-09-28T14:12:05.000Z,-67029,existe,2026-09-28T14:11:05.000Z,-67029,39160,38060
32d51524,LAR,target,1,1,2026-09-28T16:24:55.000Z,2026-09-28T16:28:24.000Z,2026-09-28T18:15:11.000Z,8762,57,499434,0.00,3719,sin_datos,,,sin_datos,,,,
3334ff74,META,target,1,0,2026-09-17T19:50:50.000Z,2026-09-17T19:56:13.000Z,2026-09-21T13:42:03.000Z,44212,26,1149512,0.98,40911,existe,2026-09-21T13:27:01.000Z,11575,existe,2026-09-18T19:51:02.000Z,13134,45300,42900
350b8bff,RGTI,trailing,1,0,2026-09-21T14:15:47.000Z,2026-09-21T14:18:55.000Z,2026-09-23T14:48:28.000Z,13060,114,1488840,0.34,-7498,existe,2026-09-21T14:29:01.000Z,-16613,existe,2026-09-21T14:21:01.000Z,-16613,13080,12900
3519cd8c,IREN,stop,1,0,2026-09-24T14:24:45.000Z,2026-09-24T14:28:28.000Z,2026-09-28T14:55:17.000Z,6163,110,677930,0.96,-21488,existe,2026-09-24T14:53:05.000Z,-21213,existe,2026-09-24T14:41:04.000Z,-21213,6205,5740
368fb457,MU,target,1,0,2026-09-17T13:50:46.000Z,2026-09-17T13:54:41.000Z,2026-09-18T13:53:23.000Z,309114,2,618228,1.00,10817,no_lleno,,,no_lleno,,,,310950
369bb156,NU,target,0,1,2026-09-14T13:47:54.000Z,2026-09-14T13:51:19.000Z,2026-09-14T15:10:53.000Z,11418,188,2146584,1.00,14688,no_lleno,,,no_lleno,,,,11420
36a52a05,MSTR,target,1,1,2026-09-18T16:43:04.000Z,2026-09-18T16:45:55.000Z,2026-09-18T19:21:40.000Z,10938,213,2329794,1.00,248955,no_lleno,,,no_lleno,,,11990,11970
37e20e53,SNDK,target,1,1,2026-09-18T13:36:36.000Z,2026-09-18T13:39:24.000Z,2026-09-18T14:35:00.000Z,15116,55,831380,0.97,34853,no_lleno,,,no_lleno,,,,15830
38f27105,XOM,target,1,0,2026-09-23T14:36:57.000Z,2026-09-23T14:40:32.000Z,2026-09-24T13:48:58.000Z,25874,73,1888802,0.04,18760,indeterminada,,,indeterminada,,,,26100
397a7fb8,TSLA,target,0,1,2026-09-08T15:43:01.000Z,2026-09-08T15:46:24.000Z,2026-09-08T16:46:08.000Z,38496,28,1077888,1.02,15598,no_lleno,,,no_lleno,,,38840,38780
3b177973,AVGO,target,1,0,2026-09-25T13:50:39.000Z,2026-09-25T14:21:13.000Z,2026-09-29T14:35:24.000Z,14538,193,2805834,0.96,70297,existe,2026-09-25T14:18:01.000Z,68377,existe,2026-09-25T14:17:02.000Z,68377,14550,14500
3c21e935,RGTI,target,1,1,2026-09-18T14:40:46.000Z,2026-09-18T14:44:29.000Z,2026-09-18T18:12:35.000Z,12104,220,2662880,1.00,29978,existe,2026-09-18T15:32:01.000Z,21403,existe,2026-09-18T15:32:01.000Z,21403,12190,12090
3c30d5ee,TSLA,target,0,0,2026-09-08T17:17:57.000Z,2026-09-08T17:21:24.000Z,2026-09-09T13:35:40.000Z,38476,28,1077328,1.00,32948,no_lleno,,,no_lleno,,,38920,38680
3c4c9e17,NVDA,stop,0,0,2026-09-09T18:42:45.000Z,2026-09-09T18:46:15.000Z,2026-09-14T13:33:54.000Z,14887,106,1578022,1.00,-93756,existe,2026-09-09T19:13:04.000Z,-90578,existe,2026-09-09T19:00:01.000Z,-90578,14930,14460
3cc3f8f3,GPRK,stop,1,0,2026-09-16T18:39:50.000Z,2026-09-16T18:43:02.000Z,2026-09-28T16:30:40.000Z,17890,60,1073400,0.45,-4297,existe,2026-09-17T17:13:04.000Z,-3697,existe,2026-09-17T17:13:04.000Z,-3697,,17210
3ccf047b,NU,stop,0,0,2026-09-24T17:29:57.000Z,2026-09-24T17:33:26.000Z,2026-09-28T13:42:16.000Z,10801,134,1447334,0.92,-88932,existe,2026-09-28T13:31:04.000Z,-86254,existe,2026-09-28T13:32:05.000Z,-86254,10890,10150
3cde03ed,IREN,target,1,0,2026-09-17T13:37:29.000Z,2026-09-17T13:46:09.000Z,2026-09-21T13:54:41.000Z,5750,221,1270750,0.99,91921,existe,2026-09-17T14:00:07.000Z,88704,existe,2026-09-17T14:00:07.000Z,88704,,5655
3ddd9b76,COIN,target,0,1,2026-09-14T13:49:31.000Z,2026-09-14T13:52:26.000Z,2026-09-14T16:21:14.000Z,10803,161,1739283,1.00,69819,no_lleno,,,no_lleno,,,,10920
3f52f622,IREN,target,0,1,2026-09-16T13:41:47.000Z,2026-09-16T13:45:08.000Z,2026-09-16T14:41:33.000Z,5595,463,2590485,1.00,82469,no_lleno,,,no_lleno,,,,5625
4082c70b,MRNA,target,0,0,2026-09-15T17:11:40.000Z,2026-09-15T17:15:08.000Z,2026-09-16T17:17:57.000Z,11984,238,2852192,1.00,105011,existe,2026-09-15T18:52:04.000Z,90740,existe,2026-09-15T18:51:01.000Z,90740,12130,11860
40c5da5c,WMT,stop,0,0,2026-09-14T16:23:35.000Z,2026-09-14T16:27:32.000Z,2026-09-29T13:59:14.000Z,9645,201,1938645,0.68,-33482,existe,2026-09-15T15:10:07.000Z,-36495,existe,2026-09-15T15:10:07.000Z,-36495,9730,9425
41a28293,NBIS,stop,0,0,2026-09-14T13:47:44.000Z,2026-09-14T13:51:19.000Z,2026-09-15T14:57:15.000Z,12540,237,2971980,1.00,-39125,existe,2026-09-14T16:10:04.000Z,-39125,existe,2026-09-14T16:10:04.000Z,-39125,,12430
41a7e841,MRNA,target,1,1,2026-09-24T17:31:33.000Z,2026-09-24T17:34:34.000Z,2026-09-24T18:39:05.000Z,15300,19,290700,1.00,10662,no_lleno,,,no_lleno,,,15550,15470
42d41540,AMZN,stop,1,0,2026-09-21T16:51:05.000Z,2026-09-21T16:54:20.000Z,2026-09-24T13:41:00.000Z,2836,542,1537112,0.98,-12558,existe,2026-09-22T13:33:01.000Z,-28131,existe,2026-09-22T13:33:01.000Z,-28131,2875,2750
43b31fce,COIN,target,1,1,2026-09-18T14:39:14.000Z,2026-09-18T14:42:13.000Z,2026-09-18T15:07:22.000Z,10864,161,1749104,1.00,74493,no_lleno,,,no_lleno,,,11280,11240
44209e65,MSFT,target,0,0,2026-09-07T13:37:58.000Z,2026-09-08T13:33:35.000Z,2026-09-14T16:20:08.000Z,26117,66,1723722,1.00,49561,existe,2026-09-08T14:00:05.000Z,37622,existe,2026-09-07T18:45:01.000Z,37622,,25960
45072fb5,RGTI,target,1,1,2026-09-17T13:54:24.000Z,2026-09-17T13:59:58.000Z,2026-09-17T14:47:32.000Z,12352,210,2593920,1.00,45762,no_lleno,,,no_lleno,,,12530,12470
4509d0c1,NVDA,target,0,0,2026-09-14T16:56:46.000Z,2026-09-14T16:59:51.000Z,2026-09-16T13:37:56.000Z,13949,196,2734004,1.00,53693,no_lleno,,,no_lleno,,,14120,14050
4590a1c0,XOM,stop,0,0,2026-09-24T14:21:34.000Z,2026-09-24T14:25:04.000Z,2026-09-25T17:17:56.000Z,26361,74,1950714,0.27,-33496,existe,2026-09-24T16:17:03.000Z,-955,existe,2026-09-24T16:17:03.000Z,-955,,26000
45cb0a44,MU,target,0,0,2026-09-07T13:37:45.000Z,2026-09-07T13:41:38.000Z,2026-09-09T14:08:47.000Z,317417,1,317417,1.00,12566,no_lleno,,,no_lleno,,,,318075
46a81503,VST,target,0,0,2026-09-25T13:34:36.000Z,2026-09-25T13:37:30.000Z,2026-09-29T13:52:28.000Z,8664,168,1455552,0.94,37863,existe,2026-09-25T13:42:01.000Z,20905,existe,2026-09-25T13:42:01.000Z,20905,8685,8500
48092bd3,GOOGL,target,0,0,2026-09-11T14:35:36.000Z,2026-09-11T14:39:11.000Z,2026-09-14T13:51:18.000Z,9330,201,1875330,1.00,40920,no_lleno,,,no_lleno,,,9375,9340
48c86196,ARM,target,0,0,2026-09-15T14:05:32.000Z,2026-09-15T14:09:11.000Z,2026-09-17T13:40:27.000Z,14588,98,1429624,0.00,57230,sin_datos,,,sin_datos,,,,
49f0fd67,RGTI,stop,0,0,2026-09-15T17:10:05.000Z,2026-09-15T17:12:51.000Z,2026-09-16T16:47:08.000Z,12055,221,2664155,0.57,-46293,existe,2026-09-15T18:51:01.000Z,92853,existe,2026-09-15T18:51:01.000Z,92853,12210,12020
4b191a60,MELI,stop,0,0,2026-09-15T14:32:21.000Z,2026-09-15T14:35:53.000Z,2026-09-24T18:39:03.000Z,24477,36,881172,0.98,-38376,existe,2026-09-15T19:42:05.000Z,-38376,existe,2026-09-15T19:42:05.000Z,-38376,24610,22650
4d45ca81,ADI,target,1,0,2026-09-17T15:13:20.000Z,2026-09-17T15:16:57.000Z,2026-09-18T13:49:41.000Z,38531,75,2889825,0.00,16986,sin_datos,,,sin_datos,,,,
4e029a91,IBM,stop,1,0,2026-09-23T14:07:07.000Z,2026-09-23T14:10:25.000Z,2026-09-24T13:48:58.000Z,24970,114,2846580,0.61,-22242,existe,2026-09-24T13:38:02.000Z,-62119,existe,2026-09-24T13:38:02.000Z,-62119,25120,24360
4e755a00,AVGO,stop,0,0,2026-09-08T15:26:28.000Z,2026-09-08T15:29:12.000Z,2026-09-09T14:21:29.000Z,15060,129,1942740,1.00,-39738,existe,2026-09-08T15:49:02.000Z,-39738,existe,2026-09-08T15:49:02.000Z,-39738,15150,14790
4f60a00a,MSFT,stop,0,0,2026-09-14T16:23:45.000Z,2026-09-14T16:27:32.000Z,2026-09-16T19:20:52.000Z,26441,121,3199361,1.00,-57200,existe,2026-09-15T18:08:03.000Z,-57200,existe,2026-09-15T18:01:01.000Z,-57200,26900,26060
4fa26553,AVGO,stop,1,0,2026-09-21T19:42:39.000Z,2026-09-21T19:45:34.000Z,2026-09-24T13:41:01.000Z,14827,136,2016472,0.97,-26498,existe,2026-09-22T13:47:01.000Z,-26497,existe,2026-09-22T13:47:01.000Z,-26497,14900,14340
51d1f566,GGAL,stop,1,0,2026-09-18T14:52:57.000Z,2026-09-18T14:56:03.000Z,2026-09-22T15:03:38.000Z,6645,259,1721055,0.00,-14766,sin_datos,,,sin_datos,,,,
5231e950,AVGO,target,0,1,2026-09-08T13:35:15.000Z,2026-09-08T13:39:18.000Z,2026-09-08T14:06:46.000Z,14941,186,2779026,1.00,-5407,existe,2026-09-08T14:00:05.000Z,9835,existe,2026-09-08T14:00:05.000Z,9835,,14930
52621311,NU,target,0,0,2026-09-04T15:31:15.000Z,2026-09-04T15:34:50.000Z,2026-09-08T13:33:35.000Z,12056,206,2483536,1.00,80169,no_lleno,,,no_lleno,,,12260,12080
526c6c18,SATL,target,1,1,2026-09-17T14:26:27.000Z,2026-09-17T14:30:05.000Z,2026-09-17T19:22:45.000Z,8699,262,2279138,1.00,57727,existe,2026-09-17T15:14:04.000Z,23426,existe,2026-09-17T15:03:01.000Z,25390,8870,8670
52b56597,VST,trailing,0,0,2026-09-07T15:31:28.000Z,2026-09-07T15:34:48.000Z,2026-09-14T13:33:54.000Z,9017,207,1866519,1.00,-48185,no_lleno,,,no_lleno,,,9290,9040
52e6f4a1,RGTI,target,1,1,2026-09-28T13:32:48.000Z,2026-09-28T14:57:32.000Z,2026-09-28T16:34:10.000Z,13007,95,1235665,0.51,27343,indeterminada,,,indeterminada,,,,13280
53f839fc,AMD,target,0,1,2026-09-04T14:47:54.000Z,2026-09-04T14:51:35.000Z,2026-09-04T16:45:03.000Z,73595,17,1251115,0.64,27878,indeterminada,,,indeterminada,,,74450,74375
5597fe15,QCOM,target,0,1,2026-09-14T13:49:41.000Z,2026-09-14T13:52:26.000Z,2026-09-14T14:29:03.000Z,25584,63,1611792,0.00,31797,sin_datos,,,sin_datos,,,,
55a0216f,MELI,stop,0,0,2026-09-10T15:30:47.000Z,2026-09-10T15:34:33.000Z,2026-09-15T14:12:34.000Z,25614,38,973332,1.00,-45383,existe,2026-09-10T15:45:05.000Z,-45383,existe,2026-09-10T15:45:05.000Z,-45383,25820,24490
55ada1a7,PLTR,target,1,0,2026-09-17T14:39:54.000Z,2026-09-17T14:43:02.000Z,2026-09-21T14:05:10.000Z,93966,14,1315524,0.13,25643,existe,2026-09-18T14:00:05.000Z,16961,existe,2026-09-18T14:00:05.000Z,16961,,92125
57a6a26c,MRNA,target,0,1,2026-09-14T14:02:57.000Z,2026-09-14T14:06:07.000Z,2026-09-14T15:29:07.000Z,11808,65,767520,1.00,21288,existe,2026-09-14T14:26:03.000Z,19274,existe,2026-09-14T14:15:01.000Z,19274,11900,11770
57c86105,ADI,target,1,0,2026-09-21T17:09:14.000Z,2026-09-21T17:12:56.000Z,2026-09-29T13:40:44.000Z,39448,61,2406328,0.03,150108,indeterminada,,,indeterminada,,,,40940
580986fd,RGTI,stop,0,0,2026-09-14T16:28:45.000Z,2026-09-14T16:32:22.000Z,2026-09-15T14:50:46.000Z,12348,210,2593080,1.00,-78272,existe,2026-09-14T17:04:01.000Z,-78272,existe,2026-09-14T16:44:03.000Z,-78272,12380,12050
58a5fb0d,GGAL,stop,0,0,2026-09-17T15:56:25.000Z,2026-09-17T15:59:58.000Z,2026-09-18T14:44:28.000Z,6809,410,2791690,0.00,-63202,sin_datos,,,sin_datos,,,,
594f4160,AMD,stop,0,0,2026-09-11T17:58:24.000Z,2026-09-11T18:01:56.000Z,2026-09-14T13:35:25.000Z,80009,29,2320261,1.00,-61033,no_lleno,,,no_lleno,,,82700,82375
5a7cc0b2,SATL,target,1,0,2026-09-22T18:59:13.000Z,2026-09-22T19:01:58.000Z,2026-09-24T17:20:28.000Z,8600,130,1118000,0.93,101610,no_lleno,,,no_lleno,,,9135,8700
5a91ddc8,HUT,target,0,0,2026-09-16T19:44:28.000Z,2026-09-16T19:47:23.000Z,2026-09-17T13:40:28.000Z,28458,58,1650564,1.00,87385,no_lleno,,,no_lleno,,,28920,28700
5b22d7aa,ADBE,stop,0,0,2026-09-16T15:15:54.000Z,2026-09-16T15:18:56.000Z,2026-09-22T15:10:47.000Z,9112,143,1303016,0.55,-49738,existe,2026-09-16T16:07:03.000Z,-49738,existe,2026-09-16T15:54:01.000Z,-49738,,8785
5bd86e53,NU,stop,0,0,2026-09-14T16:23:48.000Z,2026-09-14T16:27:32.000Z,2026-09-16T13:34:22.000Z,11450,188,2152600,1.00,-90911,existe,2026-09-15T14:00:05.000Z,-77759,existe,2026-09-15T14:00:05.000Z,-77759,11570,11240
5be16b5e,GGAL,target,0,1,2026-09-04T15:03:57.000Z,2026-09-04T15:07:36.000Z,2026-09-04T15:11:55.000Z,6980,310,2163800,0.00,6366,sin_datos,,,sin_datos,,,,
5c88a7d9,AMD,target,0,0,2026-09-08T14:54:27.000Z,2026-09-08T14:57:56.000Z,2026-09-09T13:52:07.000Z,79249,13,1030237,0.96,50085,no_lleno,,,no_lleno,,,,80300
5ce19b05,COIN,target,1,0,2026-09-18T16:27:07.000Z,2026-09-18T16:31:36.000Z,2026-09-21T13:40:57.000Z,10808,161,1740088,0.96,169102,no_lleno,,,no_lleno,,,11530,11420
5d6f79b1,QCOM,target,0,0,2026-09-14T18:36:09.000Z,2026-09-14T18:39:43.000Z,2026-09-15T13:34:46.000Z,25532,63,1608516,0.00,95519,sin_datos,,,sin_datos,,,,
5e095623,IREN,target,0,0,2026-09-15T14:49:17.000Z,2026-09-15T16:01:40.000Z,2026-09-16T13:34:22.000Z,5467,630,3444210,1.00,98460,existe,2026-09-15T17:23:04.000Z,90275,existe,2026-09-15T17:23:04.000Z,90275,5480,5435
5ecdc943,RGTI,target,0,1,2026-09-14T14:34:57.000Z,2026-09-14T14:37:32.000Z,2026-09-14T16:27:29.000Z,12272,228,2798016,1.00,23502,existe,2026-09-14T14:38:04.000Z,25781,existe,2026-09-14T14:39:01.000Z,25781,12300,12170
61f5d10a,HUT,trailing,0,1,2026-09-16T13:44:48.000Z,2026-09-16T13:48:35.000Z,2026-09-16T19:31:22.000Z,28680,89,2552520,1.00,-3089,existe,2026-09-16T19:21:04.000Z,-1310,existe,2026-09-16T19:20:04.000Z,-1310,,28620
62261418,GGAL,stop,0,0,2026-09-11T19:32:14.000Z,2026-09-11T19:36:08.000Z,2026-09-15T13:47:27.000Z,6953,309,2148477,0.00,-73009,sin_datos,,,sin_datos,,,,
62f906f6,XOM,stop,0,0,2026-09-14T13:47:36.000Z,2026-09-14T16:54:05.000Z,2026-09-22T13:40:59.000Z,26271,40,1050840,0.08,-50482,existe,2026-09-16T14:44:04.000Z,-36890,existe,2026-09-16T14:36:01.000Z,-36890,,25140
63613de9,VST,stop,1,0,2026-09-14T13:48:04.000Z,2026-09-14T13:51:20.000Z,2026-09-24T13:41:01.000Z,8766,135,1183410,0.94,-12965,existe,2026-09-14T14:27:02.000Z,-12630,existe,2026-09-14T14:27:02.000Z,-12630,,8425
65140d54,MSTR,stop,0,1,2026-09-16T14:29:45.000Z,2026-09-16T14:32:41.000Z,2026-09-16T18:57:35.000Z,10140,274,2778360,1.00,-71820,existe,2026-09-16T14:34:03.000Z,-81405,existe,2026-09-16T14:33:04.000Z,-81405,10150,9915
6699afd6,MRVL,target,1,0,2026-09-17T13:54:29.000Z,2026-09-17T13:59:58.000Z,2026-09-21T15:11:33.000Z,27767,31,860777,0.74,25746,existe,2026-09-17T14:04:03.000Z,20960,existe,2026-09-17T14:06:04.000Z,20960,28020,26980
687250ad,GGAL,target,1,0,2026-09-15T14:01:49.000Z,2026-09-15T14:05:47.000Z,2026-09-17T15:49:26.000Z,6729,334,2247486,0.00,26321,sin_datos,,,sin_datos,,,,
68ea224b,VIST,target,0,0,2026-09-07T15:31:31.000Z,2026-09-07T15:34:48.000Z,2026-09-08T13:37:03.000Z,38831,35,1359085,1.00,51139,no_lleno,,,no_lleno,,,39060,38940
691928e6,GPRK,stop,0,0,2026-09-15T16:22:39.000Z,2026-09-15T16:25:42.000Z,2026-09-16T14:28:22.000Z,18653,88,1641464,0.70,-52380,indeterminada,,,indeterminada,,,18940,18670
697d6afe,GOOGL,stop,1,0,2026-09-18T13:52:45.000Z,2026-09-18T14:21:09.000Z,2026-09-23T14:10:24.000Z,9665,228,2203620,0.97,12144,existe,2026-09-18T14:20:01.000Z,11575,existe,2026-09-18T14:19:03.000Z,11575,9665,9455
6b15ef94,GPRK,target,0,1,2026-09-15T14:48:51.000Z,2026-09-15T14:53:03.000Z,2026-09-15T16:05:44.000Z,18674,88,1643312,0.66,19646,indeterminada,,,indeterminada,,,,18780
6c646ea8,IBM,stop,0,1,2026-09-17T15:43:16.000Z,2026-09-18T13:36:54.000Z,2026-09-18T14:09:42.000Z,24860,128,3182080,0.33,-56299,existe,2026-09-18T14:00:05.000Z,-53740,existe,2026-09-18T14:00:05.000Z,-53740,,24460
6d477a3e,KO,target,0,0,2026-09-07T13:38:19.000Z,2026-09-07T13:41:38.000Z,2026-09-14T13:33:54.000Z,27439,80,2195120,0.90,104559,no_lleno,,,no_lleno,,,,27900
6dad46b9,COIN,target,0,1,2026-09-15T18:45:23.000Z,2026-09-15T18:54:24.000Z,2026-09-15T19:03:30.000Z,9995,90,899550,1.00,17350,existe,2026-09-15T18:51:01.000Z,17170,existe,2026-09-15T18:51:01.000Z,17170,9995,9960
6ebcb010,SNDK,stop,0,0,2026-09-22T14:00:31.000Z,2026-09-22T14:04:23.000Z,2026-09-28T13:54:48.000Z,17487,33,577071,0.94,-35228,existe,2026-09-22T14:58:03.000Z,-35228,existe,2026-09-22T14:58:03.000Z,-35228,17810,16370
6f2e1453,SATL,target,1,0,2026-09-14T14:36:15.000Z,2026-09-14T14:39:46.000Z,2026-09-17T13:49:40.000Z,7905,132,1043460,1.00,75911,existe,2026-09-14T15:00:03.000Z,72151,existe,2026-09-14T14:57:01.000Z,72151,7955,7645
702d037b,GOOGL,target,1,0,2026-09-23T14:38:39.000Z,2026-09-23T14:41:42.000Z,2026-09-25T13:44:15.000Z,9417,275,2589675,0.98,28698,existe,2026-09-23T16:00:02.000Z,3912,existe,2026-09-23T15:36:01.000Z,3912,9445,9350
70cfb569,META,target,1,1,2026-09-21T14:17:13.000Z,2026-09-21T14:20:03.000Z,2026-09-21T17:32:36.000Z,46487,49,2277863,1.00,91584,no_lleno,,,no_lleno,,,47340,47080
7194237b,SNDK,target,0,1,2026-09-14T13:49:28.000Z,2026-09-14T13:52:26.000Z,2026-09-14T14:22:22.000Z,14248,120,1709760,1.00,52138,no_lleno,,,no_lleno,,,,14420
71a1a8df,MRNA,target,1,0,2026-09-28T17:45:23.000Z,2026-09-28T17:49:30.000Z,2026-09-29T19:37:22.000Z,16104,53,853512,0.95,48235,no_lleno,,,no_lleno,,,16830,16700
72480822,INTC,stop,0,0,2026-09-25T19:34:07.000Z,2026-09-25T19:37:26.000Z,2026-09-28T13:50:22.000Z,39756,32,1272192,0.89,-51301,existe,2026-09-28T13:37:04.000Z,-52580,existe,2026-09-28T13:37:04.000Z,-52580,39960,38020
738d3a2c,JNJ,target,0,0,2026-09-15T17:40:16.000Z,2026-09-15T17:43:30.000Z,2026-09-16T18:22:41.000Z,27718,35,970130,0.00,27579,sin_datos,,,sin_datos,,,,
73930847,OKLO,stop,0,0,2026-09-24T16:27:49.000Z,2026-09-24T16:30:59.000Z,2026-09-28T13:51:29.000Z,2174,1414,3074036,0.74,-46114,existe,2026-09-25T14:06:01.000Z,-51766,existe,2026-09-25T14:06:01.000Z,-51766,2207,2150
74138b78,V,stop,0,0,2026-09-14T13:35:21.000Z,2026-09-14T19:01:38.000Z,2026-09-22T15:39:41.000Z,33020,47,1551940,0.00,-47910,existe,2026-09-21T13:31:01.000Z,-43213,existe,2026-09-21T13:31:01.000Z,-43213,,32840
74ee3ea8,INTC,target,0,1,2026-09-08T14:38:12.000Z,2026-09-08T14:41:58.000Z,2026-09-08T14:57:55.000Z,32519,29,943051,1.00,11061,no_lleno,,,no_lleno,,,32900,32720
77f4c06c,MRNA,stop,0,1,2026-09-14T13:33:26.000Z,2026-09-14T13:36:32.000Z,2026-09-14T14:00:19.000Z,12141,241,2925981,1.00,-83263,existe,2026-09-14T14:00:05.000Z,-80855,existe,2026-09-14T14:00:05.000Z,-80855,,11830
7811af17,NU,stop,0,0,2026-09-09T14:15:46.000Z,2026-09-09T14:19:18.000Z,2026-09-14T13:35:25.000Z,11933,100,1193300,1.00,-50714,existe,2026-09-10T14:00:05.000Z,-47716,existe,2026-09-10T14:00:05.000Z,-47716,12060,11570
79663b7e,GOOGL,target,0,0,2026-09-09T17:23:47.000Z,2026-09-09T17:27:28.000Z,2026-09-11T14:24:13.000Z,9104,124,1128896,1.00,34077,existe,2026-09-09T18:07:01.000Z,30978,existe,2026-09-09T18:03:01.000Z,30978,9135,9040
7999b9c8,UBER,stop,0,0,2026-09-14T13:33:28.000Z,2026-09-14T13:39:58.000Z,2026-09-16T13:43:33.000Z,57650,46,2651900,0.31,-62973,existe,2026-09-14T18:07:02.000Z,-19299,existe,2026-09-14T18:06:04.000Z,-19299,,57000
79ba919f,META,target,1,1,2026-09-17T17:32:54.000Z,2026-09-17T17:35:47.000Z,2026-09-17T19:49:39.000Z,44353,26,1153178,1.00,17495,no_lleno,,,no_lleno,,,45080,44920
79f36db9,TSLA,target,0,1,2026-09-08T17:00:26.000Z,2026-09-08T17:04:17.000Z,2026-09-08T17:09:42.000Z,38453,28,1076684,1.00,15123,no_lleno,,,no_lleno,,,39060,39060
7a4c0d8c,LAR,target,0,1,2026-09-15T18:45:15.000Z,2026-09-15T18:50:58.000Z,2026-09-15T19:40:24.000Z,8880,135,1198800,1.00,28231,no_lleno,,,no_lleno,,,8995,8975
7aeb64f6,ADBE,stop,0,0,2026-09-24T13:35:29.000Z,2026-09-24T13:41:03.000Z,2026-09-28T13:42:17.000Z,8740,189,1651860,0.25,-78497,existe,2026-09-24T13:43:01.000Z,-84164,existe,2026-09-24T13:41:01.000Z,-84164,8760,8335
7c877803,OKLO,target,1,0,2026-09-14T15:39:05.000Z,2026-09-14T15:42:40.000Z,2026-09-22T15:25:52.000Z,2095,277,580315,0.96,48366,existe,2026-09-14T16:08:04.000Z,46979,existe,2026-09-14T16:10:04.000Z,46979,2107,1982
7ce3e61a,AMZN,stop,0,0,2026-09-07T13:37:55.000Z,2026-09-07T13:41:38.000Z,2026-09-15T14:13:48.000Z,2846,793,2256878,1.00,-59000,existe,2026-09-08T14:00:05.000Z,-59000,existe,2026-09-07T14:01:02.000Z,-59000,,2775
7d19e30f,V,target,1,0,2026-09-25T17:45:39.000Z,2026-09-25T17:49:13.000Z,2026-09-28T13:59:23.000Z,33027,43,1420161,0.02,6276,indeterminada,,,indeterminada,,,,33240
7da26ee5,TSLA,target,1,0,2026-09-10T13:57:31.000Z,2026-09-10T14:00:56.000Z,2026-09-17T14:13:53.000Z,38667,27,1044009,1.00,21074,existe,2026-09-14T14:00:05.000Z,14236,existe,2026-09-10T19:56:01.000Z,14236,38960,37680
7e33cab4,ADI,target,0,0,2026-09-14T13:49:50.000Z,2026-09-14T13:52:27.000Z,2026-09-16T14:01:10.000Z,38746,77,2983442,0.00,11319,sin_datos,,,sin_datos,,,,
7eb9e5b9,HUT,stop,0,1,2026-09-15T14:05:27.000Z,2026-09-15T14:09:10.000Z,2026-09-15T19:52:49.000Z,28200,58,1635600,1.00,-44873,existe,2026-09-15T14:41:04.000Z,-44873,existe,2026-09-15T14:09:01.000Z,-44873,28220,27440
7f202c21,IREN,stop,0,1,2026-09-16T14:45:53.000Z,2026-09-16T14:49:47.000Z,2026-09-16T19:23:08.000Z,5785,220,1272700,1.00,-57606,existe,2026-09-16T14:46:01.000Z,-57606,existe,2026-09-16T14:46:01.000Z,-57606,5780,5540
803d1021,MSFT,target,0,1,2026-09-16T19:26:58.000Z,2026-09-16T19:30:12.000Z,2026-09-16T19:52:55.000Z,25945,62,1608590,1.00,2701,no_lleno,,,existe,2026-09-16T19:27:01.000Z,4560,26020,25960
82044df9,VIST,stop,1,0,2026-09-23T14:06:52.000Z,2026-09-23T16:14:26.000Z,2026-09-25T13:40:55.000Z,37069,59,2187071,0.93,-5176,existe,2026-09-23T16:41:05.000Z,-5176,existe,2026-09-23T16:38:02.000Z,-5176,37160,36240
840b57c5,MCD,stop,1,0,2026-09-16T17:38:39.000Z,2026-09-16T17:41:26.000Z,2026-09-23T13:57:47.000Z,16536,160,2645760,0.98,-33743,existe,2026-09-17T19:51:06.000Z,-32943,existe,2026-09-17T19:38:03.000Z,-32943,16790,15980
846c78e6,NVDA,target,0,0,2026-09-16T15:00:56.000Z,2026-09-16T15:03:54.000Z,2026-09-17T13:40:29.000Z,14325,85,1217625,1.00,15092,existe,2026-09-16T18:33:02.000Z,8381,existe,2026-09-16T15:01:01.000Z,8381,14350,14180
8495e827,KEEL,target,1,1,2026-09-18T16:11:51.000Z,2026-09-18T16:14:48.000Z,2026-09-18T18:11:27.000Z,29628,65,1925820,1.00,90553,no_lleno,,,no_lleno,,,30300,30300
85034987,JNJ,stop,0,0,2026-09-08T13:50:46.000Z,2026-09-08T13:54:11.000Z,2026-09-15T13:42:58.000Z,28480,64,1822720,0.00,-52095,sin_datos,,,sin_datos,,,,
858163ef,RGTI,target,1,1,2026-09-18T18:15:36.000Z,2026-09-18T18:18:48.000Z,2026-09-18T19:33:46.000Z,12250,228,2793000,1.00,19407,no_lleno,,,existe,2026-09-18T18:41:01.000Z,18040,12300,12280
872bd74a,IREN,stop,0,0,2026-09-14T14:19:22.000Z,2026-09-14T14:22:25.000Z,2026-09-15T14:43:45.000Z,5783,220,1272260,1.00,-59364,existe,2026-09-14T14:36:03.000Z,-59364,existe,2026-09-14T14:34:02.000Z,-59364,5840,5535
88af2483,LAR,target,1,0,2026-09-17T13:35:07.000Z,2026-09-18T13:39:24.000Z,2026-09-21T13:42:02.000Z,9010,203,1829030,0.01,47102,indeterminada,,,indeterminada,,,,9345
895cce1f,AMD,target,0,0,2026-09-04T16:59:22.000Z,2026-09-04T17:03:13.000Z,2026-09-08T13:33:35.000Z,75271,33,2483943,0.35,100189,indeterminada,,,indeterminada,,,75625,75375
89d56016,ORCL,target,0,0,2026-09-14T13:48:06.000Z,2026-09-14T13:51:20.000Z,2026-09-17T13:40:28.000Z,75934,34,2581756,0.59,85766,existe,2026-09-14T14:27:02.000Z,61505,existe,2026-09-14T14:27:02.000Z,61505,,75800
89e003ea,ADBE,stop,0,0,2026-09-15T16:07:04.000Z,2026-09-15T16:10:55.000Z,2026-09-16T14:39:21.000Z,9496,134,1272464,0.00,-49884,sin_datos,,,sin_datos,,,,
89e8c3fc,COIN,target,0,1,2026-09-14T13:33:48.000Z,2026-09-14T13:36:35.000Z,2026-09-14T13:44:09.000Z,10789,159,1715451,0.00,26686,sin_datos,,,sin_datos,,,,
8b3a7805,NU,stop,0,0,2026-09-08T13:35:38.000Z,2026-09-08T13:50:48.000Z,2026-09-09T14:07:43.000Z,12406,111,1377066,1.00,-50033,existe,2026-09-08T14:09:02.000Z,-48924,existe,2026-09-08T14:09:02.000Z,-48924,,11990
9050a2fd,GGAL,target,0,0,2026-09-04T15:19:46.000Z,2026-09-04T15:23:22.000Z,2026-09-10T15:00:30.000Z,6980,310,2163800,0.00,77623,sin_datos,,,sin_datos,,,,
917cdd6c,MELI,target,0,1,2026-09-10T14:58:58.000Z,2026-09-10T15:02:43.000Z,2026-09-10T15:10:20.000Z,24652,66,1627032,1.00,47369,no_lleno,,,no_lleno,,,25300,25260
9295a336,RGTI,target,0,1,2026-09-14T13:33:52.000Z,2026-09-14T13:36:35.000Z,2026-09-14T14:21:16.000Z,11872,157,1863904,1.00,72745,no_lleno,,,no_lleno,,,,12080
92c13216,NU,stop,0,0,2026-09-22T13:43:43.000Z,2026-09-22T13:46:48.000Z,2026-09-24T15:15:45.000Z,11270,90,1014300,0.95,-47100,existe,2026-09-22T13:44:04.000Z,-47100,existe,2026-09-22T13:45:06.000Z,-47100,11270,10780
949749ca,LAR,stop,0,0,2026-09-14T16:58:22.000Z,2026-09-14T17:02:05.000Z,2026-09-15T15:12:24.000Z,9430,90,848700,0.24,-46000,existe,2026-09-15T14:00:05.000Z,-47799,existe,2026-09-15T14:00:05.000Z,-47799,,8940
94ec6dcf,COIN,target,0,1,2026-09-14T16:39:15.000Z,2026-09-14T16:43:56.000Z,2026-09-14T17:21:42.000Z,10832,161,1743952,1.00,74801,no_lleno,,,no_lleno,,,11190,11180
94f55944,SATL,target,0,1,2026-09-17T13:54:19.000Z,2026-09-17T13:59:58.000Z,2026-09-17T14:16:08.000Z,8605,262,2254510,1.00,71897,existe,2026-09-17T14:02:04.000Z,28431,existe,2026-09-17T14:00:07.000Z,28431,8630,8600
9538e12e,NVDA,target,0,1,2026-09-14T13:49:22.000Z,2026-09-14T13:52:25.000Z,2026-09-14T16:54:05.000Z,13965,196,2737140,1.00,32926,no_lleno,,,no_lleno,,,,14030
95cc3bbd,AVGO,target,0,1,2026-09-08T14:24:03.000Z,2026-09-08T14:27:36.000Z,2026-09-08T15:17:19.000Z,14871,188,2795748,1.00,45280,no_lleno,,,no_lleno,,,15030,14970
96268e9a,INTC,target,0,1,2026-09-14T13:47:48.000Z,2026-09-14T13:51:19.000Z,2026-09-14T17:02:05.000Z,30423,30,912690,1.00,28188,no_lleno,,,no_lleno,,,,30720
97437ea3,RGTI,target,0,0,2026-09-18T19:34:58.000Z,2026-09-18T19:38:33.000Z,2026-09-21T13:30:47.000Z,12336,210,2590560,0.88,50173,no_lleno,,,no_lleno,,,12410,12400
97aeb799,XOM,target,0,1,2026-09-10T13:40:47.000Z,2026-09-10T13:49:17.000Z,2026-09-10T18:17:46.000Z,26237,40,1049480,0.28,6046,existe,2026-09-10T14:03:03.000Z,5046,existe,2026-09-10T14:00:05.000Z,5046,,26020
99255eff,SNDK,target,0,0,2026-09-14T17:11:30.000Z,2026-09-14T17:14:42.000Z,2026-09-17T13:46:08.000Z,14516,110,1596760,1.00,64468,existe,2026-09-15T14:54:03.000Z,57432,existe,2026-09-15T14:53:03.000Z,57432,14730,14190
9abd7cd5,ORCL,stop,1,0,2026-09-17T15:58:00.000Z,2026-09-17T16:01:10.000Z,2026-09-24T13:41:01.000Z,78778,13,1024114,0.59,-22740,existe,2026-09-18T14:00:05.000Z,-42178,existe,2026-09-18T14:00:05.000Z,-42178,80825,73575
9b9025b4,NFLX,stop,0,0,2026-09-14T14:02:40.000Z,2026-09-14T14:06:07.000Z,2026-09-16T16:12:12.000Z,2658,562,1493796,1.00,-56850,existe,2026-09-15T14:00:05.000Z,-56850,existe,2026-09-14T14:10:03.000Z,-56850,2677.5,2562.5
9d593e69,QCOM,target,0,1,2026-09-14T13:33:33.000Z,2026-09-14T13:36:33.000Z,2026-09-14T13:41:04.000Z,25078,129,3235062,0.00,65961,sin_datos,,,sin_datos,,,,
9ede3b68,GOOGL,stop,0,0,2026-09-04T14:48:08.000Z,2026-09-04T14:51:35.000Z,2026-09-09T13:35:39.000Z,9290,203,1885870,1.00,-53001,existe,2026-09-04T14:49:01.000Z,-51987,existe,2026-09-04T14:49:01.000Z,-51987,9290,9140
9f100019,AAPL,target,0,0,2026-09-10T15:14:57.000Z,2026-09-10T15:18:44.000Z,2026-09-11T13:36:17.000Z,25412,64,1626368,1.00,72739,no_lleno,,,no_lleno,,,25660,25440
9f5dfa7c,ADI,target,1,1,2026-09-21T15:18:21.000Z,2026-09-21T15:22:06.000Z,2026-09-21T17:08:07.000Z,39618,60,2377080,0.00,45215,sin_datos,,,sin_datos,,,,
9f895dd3,NU,target,0,1,2026-09-04T14:33:05.000Z,2026-09-04T14:36:51.000Z,2026-09-04T15:28:48.000Z,12037,205,2467585,1.00,42702,no_lleno,,,no_lleno,,,12160,12160
9ffbe3ee,NVDA,target,1,0,2026-09-17T14:24:52.000Z,2026-09-17T14:28:57.000Z,2026-09-21T13:30:47.000Z,14556,169,2459964,0.99,29000,existe,2026-09-21T13:27:01.000Z,70065,existe,2026-09-17T16:58:03.000Z,23054,14640,14200
a1c2b6aa,MSTR,target,0,1,2026-09-18T13:52:57.000Z,2026-09-18T13:56:00.000Z,2026-09-18T14:21:07.000Z,10907,214,2334098,1.00,147527,no_lleno,,,no_lleno,,,,11510
a29aafb1,QCOM,stop,0,1,2026-09-28T13:30:51.000Z,2026-09-28T13:40:03.000Z,2026-09-28T13:51:28.000Z,28200,107,3017400,0.90,-57119,existe,2026-09-28T13:40:04.000Z,-61396,existe,2026-09-28T13:40:04.000Z,-61396,28340,27600
a29beaa8,MSFT,target,1,1,2026-09-25T13:49:05.000Z,2026-09-25T13:52:20.000Z,2026-09-25T18:25:59.000Z,27394,59,1616246,1.00,28500,no_lleno,,,no_lleno,,,27840,27500
a2a3ae69,IREN,stop,1,0,2026-09-23T15:25:23.000Z,2026-09-23T15:28:45.000Z,2026-09-24T14:01:45.000Z,6442,202,1301284,0.98,-27213,existe,2026-09-23T15:54:05.000Z,-32765,existe,2026-09-23T15:54:05.000Z,-32765,6510,6125
a350aea5,COIN,target,1,1,2026-09-18T15:10:19.000Z,2026-09-18T15:13:10.000Z,2026-09-18T16:25:33.000Z,10821,161,1742181,1.00,92724,no_lleno,,,no_lleno,,,11330,11300
a42a25f9,RGTI,target,0,0,2026-09-16T16:51:09.000Z,2026-09-16T17:53:12.000Z,2026-09-17T13:40:29.000Z,11880,131,1556280,0.00,54413,sin_datos,,,sin_datos,,,,
a490dc5b,HPQ,stop,0,0,2026-09-14T18:36:07.000Z,2026-09-14T18:39:43.000Z,2026-09-24T16:09:14.000Z,53714,12,644568,0.00,-41723,sin_datos,,,sin_datos,,,,
a584037b,COIN,target,1,0,2026-09-16T14:29:37.000Z,2026-09-16T18:41:34.000Z,2026-09-18T13:31:04.000Z,9677,131,1267687,1.00,73469,existe,2026-09-16T18:54:04.000Z,57132,existe,2026-09-16T18:37:01.000Z,57132,9730,9570
a75de2d2,SNDK,target,0,1,2026-09-14T14:34:42.000Z,2026-09-14T14:37:31.000Z,2026-09-14T17:09:48.000Z,14512,110,1596320,1.00,19835,existe,2026-09-14T14:55:04.000Z,14339,existe,2026-09-14T14:55:04.000Z,14339,14570,14390
a7839193,HUT,target,1,0,2026-09-18T18:17:27.000Z,2026-09-18T18:21:03.000Z,2026-09-21T13:30:49.000Z,29570,48,1419360,0.95,103819,existe,2026-09-18T20:00:01.000Z,90627,no_lleno,,,30340,29540
a9151a7b,MU,target,0,1,2026-09-04T14:32:44.000Z,2026-09-04T14:36:51.000Z,2026-09-04T19:58:07.000Z,314836,1,314836,1.00,6754,no_lleno,,,no_lleno,,,317600,315975
aacae86d,NU,target,1,1,2026-09-24T15:57:18.000Z,2026-09-24T16:00:12.000Z,2026-09-24T17:26:14.000Z,10806,134,1448004,1.00,9497,existe,2026-09-24T15:58:01.000Z,8225,existe,2026-09-24T15:58:01.000Z,8225,10820,10800
ac5b5f8d,GPRK,target,0,0,2026-09-14T13:35:23.000Z,2026-09-14T15:10:55.000Z,2026-09-15T14:39:14.000Z,18260,40,730400,0.00,15107,sin_datos,,,sin_datos,,,,
ad46edff,QCOM,target,0,1,2026-09-14T14:36:09.000Z,2026-09-14T14:39:46.000Z,2026-09-14T18:23:37.000Z,25573,63,1611099,0.00,41305,sin_datos,,,sin_datos,,,,
ad7b82c6,MSTR,target,1,1,2026-09-18T14:24:29.000Z,2026-09-18T14:29:10.000Z,2026-09-18T16:31:36.000Z,10958,213,2334054,1.00,174495,no_lleno,,,no_lleno,,,11670,11590
af85c98c,ADI,target,1,0,2026-09-16T14:15:13.000Z,2026-09-16T18:49:44.000Z,2026-09-17T14:21:47.000Z,38700,76,2941200,0.00,13151,sin_datos,,,sin_datos,,,,
b09fbd99,META,target,0,1,2026-09-04T17:31:17.000Z,2026-09-04T17:34:41.000Z,2026-09-04T18:57:08.000Z,39982,71,2838722,1.00,36159,no_lleno,,,no_lleno,,,40280,40240
b18b8764,TSLA,stop,0,0,2026-09-09T13:45:01.000Z,2026-09-09T13:48:34.000Z,2026-09-10T13:33:44.000Z,39095,59,2306605,1.00,-46130,no_lleno,,,existe,2026-09-09T19:54:02.000Z,-13110,,39140
b2e99113,ORCL,stop,0,0,2026-09-08T13:37:00.000Z,2026-09-10T13:33:45.000Z,2026-09-14T13:35:25.000Z,83700,6,502200,0.63,-43782,existe,2026-09-10T14:00:05.000Z,-40484,existe,2026-09-10T14:00:05.000Z,-40484,,80075
b3414a79,LAR,stop,0,0,2026-09-15T19:46:45.000Z,2026-09-15T19:50:38.000Z,2026-09-16T19:04:55.000Z,9084,202,1834968,0.20,-53497,existe,2026-09-15T19:53:01.000Z,-81760,existe,2026-09-15T19:52:03.000Z,-81760,9100,9080
b3a657ce,XOM,target,0,0,2026-09-07T13:37:48.000Z,2026-09-07T13:41:38.000Z,2026-09-08T13:35:43.000Z,24970,97,2422090,0.00,85286,sin_datos,,,sin_datos,,,,
b3d406f8,RGTI,target,0,1,2026-09-15T15:03:27.000Z,2026-09-15T15:06:43.000Z,2026-09-15T17:00:47.000Z,11972,171,2047212,1.00,38196,no_lleno,,,no_lleno,,,12040,11990
b47a4c24,AMD,target,0,1,2026-09-04T14:32:53.000Z,2026-09-04T14:36:51.000Z,2026-09-04T14:41:14.000Z,73649,17,1252033,0.00,16341,sin_datos,,,sin_datos,,,,
b832acf3,XOM,target,0,0,2026-09-09T18:09:55.000Z,2026-09-09T18:13:49.000Z,2026-09-10T13:33:45.000Z,26265,40,1050600,0.00,13720,sin_datos,,,sin_datos,,,,
b931eed5,SATL,target,1,1,2026-09-21T13:45:31.000Z,2026-09-21T13:48:42.000Z,2026-09-21T14:26:48.000Z,8502,207,1759914,1.00,39941,no_lleno,,,no_lleno,,,8630,8525
ba193353,NVDA,target,0,1,2026-09-17T13:52:43.000Z,2026-09-17T13:55:52.000Z,2026-09-17T14:15:01.000Z,14483,160,2317280,0.94,15905,no_lleno,,,no_lleno,,,,14570
bc7143d4,ADI,target,0,1,2026-09-14T13:35:04.000Z,2026-09-14T13:38:53.000Z,2026-09-14T13:48:08.000Z,38287,71,2718377,0.00,27435,sin_datos,,,sin_datos,,,,
bcc7400f,IREN,target,1,0,2026-09-21T18:24:26.000Z,2026-09-21T18:28:31.000Z,2026-09-23T15:19:46.000Z,6398,134,857332,0.94,13627,existe,2026-09-21T19:13:04.000Z,4052,existe,2026-09-21T19:13:04.000Z,4052,6440,6250
be96f028,AMD,target,1,0,2026-09-23T17:33:41.000Z,2026-09-23T17:37:12.000Z,2026-09-24T16:49:34.000Z,97419,3,292257,0.20,7284,existe,2026-09-24T13:29:02.000Z,4888,existe,2026-09-24T13:31:03.000Z,3289,,97100
beb0bd28,MRVL,target,0,0,2026-09-14T14:21:11.000Z,2026-09-14T14:24:40.000Z,2026-09-17T13:41:37.000Z,25152,36,905472,0.80,83381,existe,2026-09-14T14:42:04.000Z,80035,existe,2026-09-14T14:42:04.000Z,80035,25300,24890
c0b3a45d,IREN,target,0,1,2026-09-14T13:51:03.000Z,2026-09-14T13:54:43.000Z,2026-09-14T14:12:53.000Z,5607,243,1362501,1.00,53722,no_lleno,,,no_lleno,,,,5730
c140ac60,INTC,target,0,0,2026-09-14T17:11:19.000Z,2026-09-14T17:14:41.000Z,2026-09-17T13:41:38.000Z,30471,30,914130,0.51,99903,indeterminada,,,indeterminada,,,31460,31080
c1d9991f,MELI,target,0,1,2026-09-10T15:14:59.000Z,2026-09-10T15:18:44.000Z,2026-09-10T15:29:31.000Z,25350,46,1166100,1.00,17438,no_lleno,,,no_lleno,,,25560,25500
c50da1ce,KEEL,stop,0,0,2026-09-23T18:35:47.000Z,2026-09-23T18:38:38.000Z,2026-09-28T14:51:01.000Z,32117,17,545989,0.04,-46822,existe,2026-09-24T13:31:03.000Z,-51919,existe,2026-09-24T13:31:03.000Z,-51919,,30440
c5494eea,LAR,stop,0,0,2026-09-21T16:20:39.000Z,2026-09-21T16:24:04.000Z,2026-09-24T15:19:10.000Z,9442,91,859222,0.09,-45785,existe,2026-09-24T13:31:03.000Z,-44420,existe,2026-09-24T13:31:03.000Z,-44420,,8985
c6ff68d1,NBIS,target,1,1,2026-09-21T14:18:45.000Z,2026-09-21T14:22:20.000Z,2026-09-21T15:10:25.000Z,13386,54,722844,1.00,11484,no_lleno,,,no_lleno,,,13440,13440
cb657b9d,SPCX,target,0,1,2026-09-08T15:27:51.000Z,2026-09-08T15:31:23.000Z,2026-09-08T15:36:59.000Z,4686,197,923142,1.00,34125,no_lleno,,,no_lleno,,,4830,4815
ccc18089,MELI,stop,0,0,2026-09-04T14:33:20.000Z,2026-09-04T14:36:51.000Z,2026-09-09T13:34:31.000Z,26069,56,1459864,1.00,-76705,existe,2026-09-07T14:00:04.000Z,-78384,existe,2026-09-07T14:00:04.000Z,-78384,26320,25320
cdb989f0,GOOGL,target,0,1,2026-09-14T16:55:28.000Z,2026-09-14T16:58:35.000Z,2026-09-14T17:40:24.000Z,9559,190,1816210,1.00,8436,no_lleno,,,existe,2026-09-14T17:17:01.000Z,11664,9590,9565
ce085485,NFLX,stop,0,0,2026-09-16T16:21:08.000Z,2026-09-17T13:51:24.000Z,2026-09-18T13:41:41.000Z,2526,945,2387070,1.00,-143608,existe,2026-09-17T14:03:05.000Z,-135108,existe,2026-09-17T14:01:02.000Z,-135108,,2507.5
cf799980,COIN,trailing,0,0,2026-09-14T17:27:52.000Z,2026-09-14T17:31:56.000Z,2026-09-15T13:34:47.000Z,10792,162,1748304,1.00,-29963,no_lleno,,,no_lleno,,,11380,11170
d048e66c,AMD,target,1,1,2026-09-24T17:54:59.000Z,2026-09-24T17:59:06.000Z,2026-09-24T18:48:48.000Z,97827,35,3423945,0.00,75564,sin_datos,,,sin_datos,,,,
d05e51fd,NBIS,target,1,0,2026-09-16T13:44:41.000Z,2026-09-16T13:48:35.000Z,2026-09-21T13:30:46.000Z,12504,79,987816,0.99,46061,existe,2026-09-16T19:19:02.000Z,41103,existe,2026-09-16T19:18:03.000Z,41103,,12350
d20cbe60,MCD,stop,0,0,2026-09-08T14:24:00.000Z,2026-09-08T14:27:36.000Z,2026-09-16T13:36:39.000Z,16957,164,2780948,0.97,-50404,existe,2026-09-08T14:45:02.000Z,-65156,existe,2026-09-08T14:44:03.000Z,-65156,17000,16800
d27bd769,VIST,stop,0,0,2026-09-16T14:43:54.000Z,2026-09-16T19:09:29.000Z,2026-09-18T15:10:33.000Z,39677,41,1626757,1.00,-50196,existe,2026-09-16T19:14:03.000Z,-50196,existe,2026-09-16T19:10:04.000Z,-50196,39760,38520
d2e4291c,SPCX,target,0,0,2026-09-07T13:38:09.000Z,2026-09-07T13:41:38.000Z,2026-09-08T15:22:43.000Z,4728,198,936144,1.00,7178,existe,2026-09-07T14:00:04.000Z,13313,existe,2026-09-07T14:00:04.000Z,13313,,4667.5
d483e722,JNJ,target,1,0,2026-09-16T18:24:03.000Z,2026-09-16T18:27:33.000Z,2026-09-18T18:31:25.000Z,28405,51,1448655,0.00,19059,sin_datos,,,sin_datos,,,,
d72eef2f,OKLO,stop,0,0,2026-09-22T15:33:05.000Z,2026-09-22T15:36:20.000Z,2026-09-24T15:39:46.000Z,2259,429,969111,0.81,-41474,existe,2026-09-23T13:35:03.000Z,-38473,existe,2026-09-23T13:35:03.000Z,-38473,2334,2180
d7baae91,QCOM,target,1,0,2026-09-23T18:34:14.000Z,2026-09-23T18:37:31.000Z,2026-09-25T13:53:27.000Z,28130,69,1940970,0.22,64960,existe,2026-09-24T14:01:01.000Z,26444,existe,2026-09-24T13:59:02.000Z,30522,,28080
d7cdde89,TSLA,stop,0,0,2026-09-23T14:08:52.000Z,2026-09-23T14:11:33.000Z,2026-09-28T13:50:20.000Z,40740,25,1018500,0.82,-39209,existe,2026-09-23T14:12:01.000Z,-39209,existe,2026-09-23T14:12:01.000Z,-39209,40780,39220
d83f813d,UBER,stop,0,0,2026-09-16T16:05:18.000Z,2026-09-16T16:08:53.000Z,2026-09-23T14:09:01.000Z,56938,25,1423450,0.32,-50143,existe,2026-09-16T19:15:01.000Z,-50143,existe,2026-09-16T19:02:09.000Z,-50143,,54975
d8f29ebe,QCOM,target,1,0,2026-09-17T14:25:09.000Z,2026-09-17T14:28:57.000Z,2026-09-22T15:55:46.000Z,27674,18,498132,0.87,10839,existe,2026-09-17T14:41:04.000Z,9471,existe,2026-09-17T14:27:01.000Z,9471,27760,25620
da17526a,LAR,stop,0,0,2026-09-24T16:57:40.000Z,2026-09-24T17:01:05.000Z,2026-09-28T13:42:16.000Z,9113,182,1658566,0.75,-96226,existe,2026-09-24T17:12:01.000Z,-87131,existe,2026-09-24T17:08:01.000Z,-87131,9140,8660
da4bfbe4,HUT,target,1,0,2026-09-17T14:23:23.000Z,2026-09-17T14:26:41.000Z,2026-09-18T18:11:26.000Z,28614,89,2546646,1.00,109944,no_lleno,,,no_lleno,,,29220,28880
db2bc16b,SATL,target,1,1,2026-09-21T14:33:23.000Z,2026-09-21T14:37:07.000Z,2026-09-21T15:54:29.000Z,8490,208,1765920,1.00,81533,no_lleno,,,no_lleno,,,8810,8780
dce1e17d,MU,target,1,1,2026-09-22T17:39:02.000Z,2026-09-22T17:42:39.000Z,2026-09-22T19:09:59.000Z,329473,3,988419,1.00,56300,no_lleno,,,no_lleno,,,346300,345500
df3596ea,TSLA,target,0,0,2026-09-07T15:30:04.000Z,2026-09-07T15:32:38.000Z,2026-09-08T13:35:42.000Z,37586,49,1841714,1.00,30778,no_lleno,,,existe,2026-09-07T16:30:01.000Z,27448,37740,37600
dfb8baff,MRNA,trailing,0,0,2026-09-14T15:39:09.000Z,2026-09-14T15:42:40.000Z,2026-09-15T14:57:16.000Z,12008,237,2845896,1.00,-21918,existe,2026-09-15T14:07:01.000Z,-21918,existe,2026-09-15T14:11:05.000Z,-21918,12150,11970
dfbe1b20,INTC,target,1,1,2026-09-24T16:57:52.000Z,2026-09-24T17:01:06.000Z,2026-09-24T19:50:53.000Z,38587,9,347283,1.00,19505,no_lleno,,,no_lleno,,,40420,40040
dfbe6e26,PLTR,target,1,0,2026-09-22T13:43:16.000Z,2026-09-22T13:46:48.000Z,2026-09-23T13:46:17.000Z,97913,9,881217,0.03,26175,existe,2026-09-22T13:44:04.000Z,8306,existe,2026-09-22T13:44:04.000Z,8306,98100,97800
dfd1a179,KEEL,trailing,0,0,2026-09-18T18:17:15.000Z,2026-09-18T18:21:03.000Z,2026-09-23T14:29:01.000Z,29608,64,1894912,0.79,150703,indeterminada,,,indeterminada,,,31700,31600
e03cbbef,GGAL,stop,1,0,2026-09-22T15:32:55.000Z,2026-09-22T15:36:20.000Z,2026-09-24T15:03:07.000Z,6491,251,1629241,0.00,-6517,sin_datos,,,sin_datos,,,,
e06eb8ab,INTC,target,1,0,2026-09-22T17:39:15.000Z,2026-09-22T17:42:39.000Z,2026-09-24T16:49:35.000Z,38385,9,345465,0.48,11989,indeterminada,,,indeterminada,,,38940,38740
e2869b01,MELI,target,0,0,2026-09-09T17:38:54.000Z,2026-09-09T17:42:43.000Z,2026-09-10T14:50:01.000Z,24664,66,1627824,1.00,28108,no_lleno,,,no_lleno,,,24980,24820
e2e338ee,SATL,target,0,1,2026-09-14T13:35:06.000Z,2026-09-14T13:38:52.000Z,2026-09-14T14:26:50.000Z,7709,227,1749943,1.00,55959,no_lleno,,,existe,2026-09-14T14:00:05.000Z,73201,,7755
e342106c,MU,target,0,0,2026-09-14T13:47:32.000Z,2026-09-14T13:51:18.000Z,2026-09-17T13:40:27.000Z,289010,5,1445050,0.72,106261,indeterminada,,,indeterminada,,,,290025
e38598d1,SNDK,stop,0,0,2026-09-09T17:38:58.000Z,2026-09-09T17:42:43.000Z,2026-09-14T13:36:32.000Z,16184,24,388416,1.00,-43980,existe,2026-09-10T14:00:05.000Z,-43260,existe,2026-09-10T14:00:05.000Z,-43260,16610,15230
e42d0123,XOM,target,1,0,2026-09-22T15:01:33.000Z,2026-09-22T15:05:03.000Z,2026-09-23T14:26:44.000Z,25231,79,1993249,0.01,34037,indeterminada,,,indeterminada,,,,25620
e4a94677,COIN,target,0,1,2026-09-18T13:36:42.000Z,2026-09-18T13:39:24.000Z,2026-09-18T13:51:36.000Z,10591,249,2637159,0.00,76192,sin_datos,,,sin_datos,,,,
e5ce89a6,ADI,target,1,0,2026-09-18T14:09:27.000Z,2026-09-18T14:13:08.000Z,2026-09-21T13:30:47.000Z,39239,51,2001189,0.00,18696,indeterminada,,,indeterminada,,,,40300
e5e235ce,MRNA,target,0,1,2026-09-15T15:06:39.000Z,2026-09-15T15:10:12.000Z,2026-09-15T16:54:55.000Z,11975,238,2850050,1.00,19148,existe,2026-09-15T15:36:03.000Z,24856,existe,2026-09-15T15:36:03.000Z,24856,12030,11960
e64c295a,IBM,target,0,0,2026-09-16T17:40:12.000Z,2026-09-16T17:43:40.000Z,2026-09-17T13:53:12.000Z,25557,55,1405635,0.50,11656,existe,2026-09-16T19:18:03.000Z,-51556,existe,2026-09-16T19:18:03.000Z,-51556,,25100
e6ac34e9,RGTI,stop,1,0,2026-09-17T14:56:28.000Z,2026-09-17T14:59:10.000Z,2026-09-18T14:15:21.000Z,12497,169,2111993,1.00,-10813,existe,2026-09-18T14:00:05.000Z,-46912,existe,2026-09-18T14:00:05.000Z,-46912,12770,12150
e6ed6c86,ADI,target,1,1,2026-09-21T14:02:31.000Z,2026-09-21T14:06:22.000Z,2026-09-21T15:11:32.000Z,39542,60,2372520,0.00,28191,sin_datos,,,sin_datos,,,,
e7092bb1,ARM,target,0,0,2026-09-14T14:21:07.000Z,2026-09-14T14:24:40.000Z,2026-09-15T13:51:59.000Z,14435,120,1732200,0.79,34482,existe,2026-09-14T15:48:02.000Z,32443,existe,2026-09-14T15:48:02.000Z,32443,,14180
e904f28b,MRVL,target,1,0,2026-09-24T17:33:12.000Z,2026-09-24T17:41:59.000Z,2026-09-25T16:38:50.000Z,28967,39,1129713,0.53,53447,indeterminada,,,indeterminada,,,29740,29520
ead2b326,ORCL,target,1,1,2026-09-17T13:52:41.000Z,2026-09-17T13:55:52.000Z,2026-09-17T15:55:05.000Z,78632,13,1022216,1.00,21533,no_lleno,,,no_lleno,,,,78950
eae4947d,GOOGL,target,0,1,2026-09-14T14:05:54.000Z,2026-09-14T14:09:28.000Z,2026-09-14T16:52:56.000Z,9446,135,1275210,1.00,14512,no_lleno,,,no_lleno,,,9565,9470
eae88110,AVGO,stop,0,0,2026-09-09T14:31:47.000Z,2026-09-09T14:35:24.000Z,2026-09-14T13:33:54.000Z,14814,128,1896192,1.00,-64209,existe,2026-09-09T15:09:01.000Z,-74443,existe,2026-09-09T14:57:01.000Z,-74443,14870,14720
eaea6649,AMD,target,1,1,2026-09-18T18:47:19.000Z,2026-09-18T18:50:21.000Z,2026-09-18T19:50:54.000Z,86470,7,605290,0.00,7673,sin_datos,,,sin_datos,,,,
eb83e17d,LAC,stop,1,0,2026-09-14T16:56:56.000Z,2026-09-14T16:59:51.000Z,2026-09-29T16:28:47.000Z,4647,113,525111,0.87,-14513,existe,2026-09-14T18:36:01.000Z,-14513,existe,2026-09-14T18:05:01.000Z,-14513,4690,4287.5
ed3f2daa,WMT,target,0,1,2026-09-14T14:19:30.000Z,2026-09-14T14:22:25.000Z,2026-09-14T16:13:07.000Z,9642,201,1938042,1.00,10310,no_lleno,,,no_lleno,,,9700,9670
eea87ab5,AMD,target,0,1,2026-09-11T17:42:18.000Z,2026-09-11T17:45:51.000Z,2026-09-11T17:56:57.000Z,80180,29,2325220,1.00,67324,no_lleno,,,no_lleno,,,82650,82475
efabf1e8,IBM,target,1,0,2026-09-18T15:56:04.000Z,2026-09-18T15:59:46.000Z,2026-09-23T14:04:34.000Z,24574,89,2187086,0.63,34945,existe,2026-09-18T16:05:03.000Z,5907,existe,2026-09-18T16:05:03.000Z,5907,24640,24360
eff21add,SATL,target,1,0,2026-09-21T16:06:40.000Z,2026-09-21T16:10:26.000Z,2026-09-22T18:53:41.000Z,8475,207,1754325,0.99,113827,no_lleno,,,no_lleno,,,8970,8635
f114c912,VIST,target,1,0,2026-09-21T14:15:28.000Z,2026-09-22T13:33:53.000Z,2026-09-23T14:00:01.000Z,37080,59,2187720,0.96,27774,existe,2026-09-22T13:27:01.000Z,30083,existe,2026-09-21T17:41:03.000Z,30083,37180,36720
f27c3855,JNJ,stop,0,0,2026-09-04T17:31:12.000Z,2026-09-04T17:34:40.000Z,2026-09-08T13:39:18.000Z,29101,65,1891565,0.00,-50425,sin_datos,,,sin_datos,,,,
f364a93a,KEEL,target,0,1,2026-09-18T15:40:50.000Z,2026-09-18T15:44:49.000Z,2026-09-18T15:56:08.000Z,29549,65,1920685,1.00,50359,no_lleno,,,no_lleno,,,30200,30020
f3f4c0f3,RGTI,target,1,0,2026-09-24T16:44:38.000Z,2026-09-24T16:47:21.000Z,2026-09-25T15:07:21.000Z,12923,221,2855983,0.89,97670,no_lleno,,,no_lleno,,,13170,13090
f51ec954,AMD,target,0,0,2026-09-14T17:43:22.000Z,2026-09-14T17:46:27.000Z,2026-09-16T13:39:03.000Z,76675,32,2453600,0.04,204106,indeterminada,,,indeterminada,,,,81150
f62311b6,SATL,target,1,0,2026-09-18T13:53:18.000Z,2026-09-18T13:56:00.000Z,2026-09-21T13:42:03.000Z,8173,148,1209604,0.97,43206,existe,2026-09-18T14:09:03.000Z,7707,existe,2026-09-18T14:09:03.000Z,7707,,8025
f730eb6c,META,target,1,0,2026-09-21T18:40:27.000Z,2026-09-21T18:43:28.000Z,2026-09-24T14:13:21.000Z,46475,49,2277275,0.94,191067,no_lleno,,,no_lleno,,,49740,49000
f73180f6,XOM,target,0,0,2026-09-10T18:27:44.000Z,2026-09-10T18:32:16.000Z,2026-09-14T13:35:25.000Z,26254,107,2809178,0.00,74236,sin_datos,,,sin_datos,,,,
f94ef59b,META,target,1,1,2026-09-21T17:38:55.000Z,2026-09-21T17:41:57.000Z,2026-09-21T18:34:17.000Z,46545,49,2280705,1.00,145486,no_lleno,,,no_lleno,,,49260,49260
fc34daa0,AVGO,target,1,0,2026-09-16T14:45:45.000Z,2026-09-16T18:41:34.000Z,2026-09-17T13:59:56.000Z,13864,231,3202584,1.00,82968,existe,2026-09-16T18:52:05.000Z,87777,existe,2026-09-16T18:37:01.000Z,87777,13920,13790
fc5592cc,RGTI,stop,1,0,2026-09-23T14:55:00.000Z,2026-09-23T14:57:45.000Z,2026-09-24T13:57:14.000Z,13044,156,2034864,0.92,-24133,existe,2026-09-23T15:31:07.000Z,-36606,existe,2026-09-23T15:30:02.000Z,-33487,13100,12620
fc679282,XOM,target,1,1,2026-09-22T13:43:23.000Z,2026-09-22T13:46:48.000Z,2026-09-22T14:52:29.000Z,24831,35,869085,0.00,14135,sin_datos,,,sin_datos,,,,
fe431d25,COIN,target,1,1,2026-09-18T13:53:05.000Z,2026-09-18T13:56:00.000Z,2026-09-18T14:35:02.000Z,10784,161,1736224,0.97,58448,no_lleno,,,no_lleno,,,,10940
fe7a2a81,IREN,stop,0,0,2026-09-28T16:13:56.000Z,2026-09-28T16:16:44.000Z,2026-09-29T16:52:21.000Z,5711,349,1993139,0.99,-56823,existe,2026-09-28T17:02:04.000Z,-56823,existe,2026-09-28T17:02:04.000Z,-56823,5735,5560
ff7cf67a,PLTR,target,1,0,2026-09-14T15:04:34.000Z,2026-09-14T15:07:36.000Z,2026-09-17T14:36:55.000Z,90484,16,1447744,0.00,47274,indeterminada,,,indeterminada,,,,93725
ffc8260e,AVGO,target,1,0,2026-09-24T13:52:13.000Z,2026-09-24T15:03:10.000Z,2026-09-25T13:46:30.000Z,14312,149,2132488,1.00,32970,no_lleno,,,existe,2026-09-24T14:29:02.000Z,23441,14350,14330
ffd7cbd0,IBM,stop,0,0,2026-09-15T17:40:28.000Z,2026-09-15T17:43:31.000Z,2026-09-16T13:43:34.000Z,26126,101,2638726,1.00,-44174,no_lleno,,,no_lleno,,,26600,26340
