001c6c04,001c6c04,COIN,stop,250,10586,10240,-89650,0915T134125,0915T134513,0915T183847,1,1,179.4317,173.8500,181.4900,176.3767,176.3767,59,10558,0
004869ac,004869ac,IREN,target,282,5567,5645,20083,0916T194435,0916T194723,0916T195150,1,1,41.7701,42.6500,42.2400,40.5740,40.5740,133.29,5556,0
00d5d5af,00d5d5af,NU,target,188,11476,11510,3778,0914T152025,0914T152547,0914T161305,1,1,14.3400,14.4000,14.3800,14.0410,14.0410,800.28,11480,0
03fa3af8,03fa3af8,META,target,71,39985,40980,67167,0904T190728,0904T191047,0908T140802,0,0,605.2700,620.1300,619.4400,595.8000,595.8000,66.06,39974,0
046e9f32,046e9f32,KEEL,target,13,29061,30060,12522,0917T154433,0917T154819,0918T153643,0,0,3.6400,3.7600,3.7200,3.4159,3.4159,7983.76,29001,0
1fc8303e,046e9f32,KEEL,tp_parcial,12,29061,29360,,0917T154433,0917T154819,0917T155248,0,1,3.6400,3.6900,3.7200,3.4159,3.4159,7983.76,29001,0
06dd2f00,06dd2f00,META,stop,21,50264,49000,-27805,0925T193538,0925T193835,0928T134537,0,0,746.5405,725.1950,757.2700,730.4806,730.4806,67.33,50294,0
2b28acaf,06dd2f00,META,tp_parcial,20,50264,50700,,0925T193538,0925T193835,0925T194635,0,1,746.5405,752.5450,757.2700,730.4806,730.4806,67.33,50294,0
07d48800,07d48800,AMD,stop,34,98875,97200,-60983,0928T133226,0928T141622,0928T145839,1,1,608.0900,598.1400,638.9500,600.1235,600.1235,162.6,99395,0
07ea9810,07ea9810,TSLA,target,30,39266,40120,24179,0917T142504,0917T142857,0921T140250,0,0,368.6000,377.2500,375.4400,361.4718,361.4718,106.53,39192,0
2fad8d39,07ea9810,TSLA,tp_parcial,29,39266,39660,,0917T142504,0917T142857,0921T133950,0,0,368.6000,372.2800,375.4400,361.4718,361.4718,106.53,39192,0
095db502,095db502,MRNA,target,10,15316,16440,11048,0924T184232,0924T184526,0924T192050,1,1,180.3880,193.6700,192.3100,152.7234,152.7234,84.9,15283,0
80915401,095db502,MRNA,tp_parcial,9,15316,16130,,0924T184232,0924T184526,0924T184955,1,1,180.3880,190.3400,192.3100,152.7234,152.7234,84.9,15283,0
0ad888c3,0ad888c3,ARM,target,120,14458,14720,29322,0914T133516,0914T133853,0914T141508,1,1,243.1200,248.1500,247.9900,236.8305,236.8305,59.47,14400,0
0be3d6b5,0be3d6b5,MRNA,target,164,12006,12910,145784,0916T172447,0916T172815,0917T134026,0,0,142.7800,153.5500,148.6999,146.0435,139.5165,84.09,12003,0
100b244f,100b244f,META,target,25,46579,47500,21602,0921T134502,0921T134841,0921T141549,1,1,699.3300,712.7100,711.0000,685.6764,685.6764,66.61,46521,0
aa891163,100b244f,META,tp_parcial,24,46579,47180,,0921T134502,0921T134841,0921T135804,1,1,699.3300,708.4250,711.0000,685.6764,685.6764,66.61,46521,0
102bd7d4,102bd7d4,MU,target,2,317125,335000,34961,0918T143717,0918T144105,0921T133048,0,0,992.2967,1042.9900,1011.7700,960.6083,960.6083,319.59,316942,0
65955f27,102bd7d4,MU,tp_parcial,2,317125,321550,,0918T143717,0918T144105,0918T180656,0,1,992.2967,1005.0200,1011.7700,960.6083,960.6083,319.59,316942,0
12ea154a,12ea154a,HUT,trailing,89,28582,28440,-15708,0914T174502,0914T174841,0915T135859,0,0,89.5782,89.3500,94.2200,89.5782,88.0096,319.08,28581,0
12f452bd,12f452bd,GOOGL,target,260,9521,9865,86391,0914T174324,0914T174627,0918T134139,0,0,346.3600,358.4500,351.6000,340.1025,340.1025,27.49,9546,0
13625b1c,13625b1c,AAPL,target,64,25340,25760,24901,0904T143300,0904T145815,0910T150030,0,0,318.7600,322.8900,322.3700,310.6104,310.6104,79.5,25370,0
1427ecf2,1427ecf2,MSFT,target,57,26228,26500,13686,0917T133522,0917T134029,0917T143549,1,1,493.8100,498.4300,497.1399,486.3714,486.3714,53.11,26214,0
b667188b,1427ecf2,MSFT,tp_parcial,56,26228,26420,,0917T133522,0917T134029,0917T134939,1,1,493.8100,496.9300,497.1399,486.3714,486.3714,53.11,26214,0
145b52c6,145b52c6,MSTR,target,114,10241,11230,111265,0917T133714,0917T134356,0918T134140,0,0,128.5000,140.8300,133.3800,135.9351,126.0216,79.7,10250,0
d5827681,145b52c6,MSTR,tp_parcial,113,10241,10470,,0917T133714,0917T134356,0917T141354,0,1,128.5000,131.6300,133.3800,126.0216,126.0216,79.7,10250,0
15716ece,15716ece,SNDK,target,28,15203,16990,49491,0918T143908,0918T144212,0922T134524,0,0,1616.8022,1883.9400,1807.3500,1702.3985,1531.2060,9.4,15176,0
93972f6b,15716ece,SNDK,tp_parcial,28,15203,16100,,0918T143908,0918T144212,0918T145601,0,1,1616.8022,1716.0000,1807.3500,1531.2060,1531.2060,9.4,15176,0
15fee89a,15fee89a,MRNA,target,21,12933,13720,16188,0918T174501,0918T174748,0921T134056,0,0,153.8000,162.1600,156.4150,141.3040,141.3040,84.09,12969,0
974b05a8,15fee89a,MRNA,tp_parcial,21,12933,13100,,0918T174501,0918T174748,0918T175225,0,1,153.8000,155.8900,156.4150,141.3040,141.3040,84.09,12969,0
17912845,17912845,AMZN,target,95,2745,2853,9938,0916T173656,0916T174019,0921T141854,0,0,246.6900,256.4500,256.2400,225.2918,225.2918,11.13,2744,0
97f34d10,17912845,AMZN,tp_parcial,94,2745,2795,,0916T173656,0916T174019,0917T142855,0,0,246.6900,252.2250,256.2400,225.2918,225.2918,11.13,2744,0
05fc2c6f,17b24f7e,MSFT,tp_parcial,60,26414,26780,,0917T143837,0917T144151,0922T133354,0,0,496.7800,503.6800,509.9300,489.7973,489.7973,53.17,26452,0
17b24f7e,17b24f7e,MSFT,target,61,26414,27760,80107,0917T143837,0917T144151,0925T134735,0,0,496.7800,515.3500,509.9300,496.7800,489.7973,53.17,26452,0
1973992e,1973992e,COIN,stop,269,10159,9865,-82345,0915T191708,0915T192046,0916T141357,0,0,172.0300,167.4200,176.4800,169.1973,169.1973,59.05,10128,0
1acdfd6d,1acdfd6d,SATL,target,34,9256,10170,30676,0924T173143,0924T173435,0925T135057,0,0,5.7700,6.2900,6.1300,5.3523,5.3523,1604.18,9258,0
9582d877,1acdfd6d,SATL,tp_parcial,33,9256,9630,,0924T173143,0924T173435,0924T174158,0,1,5.7700,5.9950,6.1300,5.3523,5.3523,1604.18,9258,0
1e5a55cd,1e5a55cd,MU,stop,1,316450,290000,-26817,0909T141522,0910T133557,0914T133850,0,0,987.3200,905.2000,1089.2900,908.7737,908.7737,320.51,315459,0
1f7d1f3f,1f7d1f3f,INTC,target,28,30314,32260,53428,0904T165933,0904T170313,0908T133335,0,0,95.6000,101.9300,98.1800,90.6410,90.6410,317.09,30300,0
212b0e60,212b0e60,INTC,stop,29,32320,30740,-46926,0909T150246,0910T133345,0914T133354,0,0,101.8700,95.2900,107.5700,97.6417,97.6417,317.27,32509,0
22004bac,22004bac,SATL,trailing,162,8544,8135,-67893,0917T193604,0917T193913,0918T134616,0,0,5.3600,5.0700,5.7800,5.3600,5.2728,1593.94,8547,0
76bc6da5,22004bac,SATL,tp_parcial,161,8544,8910,,0917T193604,0917T193913,0917T194355,0,1,5.3600,5.6100,5.7800,5.3600,5.2728,1593.94,8547,0
23669a2e,23669a2e,TSLA,target,28,38533,38880,8405,0908T143938,0908T144305,0908T152912,1,1,364.0200,367.5800,366.5000,348.8609,348.8609,105.85,38569,0
07655bfd,25e4806f,AMZN,tp_parcial,271,2839,2850,,0921T143144,0921T143453,0921T161131,1,1,255.2900,256.6100,257.5900,247.8329,247.8329,11.12,2839,0
25e4806f,25e4806f,AMZN,target,271,2839,2875,8819,0921T143144,0921T143453,0921T163908,1,1,255.2900,258.3900,257.5900,247.8329,247.8329,11.12,2839,0
25e709d7,25e709d7,KEEL,target,45,26799,28700,84034,0914T133501,0914T133853,0917T134138,0,0,3.3400,3.5850,3.5500,3.3400,3.2173,8023.77,26660,0
2685e4e3,2685e4e3,LAR,target,46,9444,9540,3888,0921T154931,0921T155431,0921T161345,1,1,5.9200,5.9750,5.9600,5.6105,5.6105,1595.3,9433,0
807be46a,2685e4e3,LAR,tp_parcial,45,9444,9500,,0921T154931,0921T155431,0921T155858,1,1,5.9200,5.9600,5.9600,5.6105,5.6105,1595.3,9433,0
269be37b,269be37b,ADBE,target,134,9510,9630,14528,0914T150607,0914T150949,0914T200017,1,1,261.6700,265.7600,265.0900,252.4703,252.4703,36.34,9525,0
26bb5b1c,26bb5b1c,AVGO,target,84,14640,14900,20339,0918T133630,0918T133924,0921T193348,0,0,357.8000,363.5600,363.2400,351.2241,351.2241,40.92,14645,0
fff4e5ec,26bb5b1c,AVGO,tp_parcial,83,14640,14770,,0918T133630,0918T133924,0918T134939,0,1,357.8000,361.2800,363.2400,351.2241,351.2241,40.92,14645,0
26d115c0,26d115c0,SATL,stop,92,9779,9155,-58462,0925T140656,0925T141039,0929T151337,0,0,6.0300,5.6900,6.8350,5.7296,5.7296,1621.66,9790,0
02e25d53,2965da30,NBIS,tp_parcial,27,13375,13840,,0921T152153,0921T152531,0921T153002,1,1,226.0300,234.0100,234.8000,212.1049,212.1049,59.17,13393,0
2965da30,2965da30,NBIS,target,27,13375,13990,16158,0921T152153,0921T152531,0921T175934,1,1,226.0300,236.7700,234.8000,212.1049,212.1049,59.17,13393,0
2b19ae40,2b19ae40,GGAL,stop,209,7148,6935,-46298,0910T151451,0910T151844,0911T180617,0,0,44.8600,43.4650,45.8900,43.5133,43.5133,159.35,7148,0
2b1acb9e,2b1acb9e,NVDA,target,62,14838,15780,57256,0924T173127,0924T173434,0928T134216,0,0,221.0908,232.3300,227.9200,221.0908,215.6796,67.11,14834,0
a45aaf3d,2b1acb9e,NVDA,tp_parcial,61,14838,15270,,0924T173127,0924T173434,0925T133319,0,0,221.0908,225.1100,227.9200,215.6796,215.6796,67.11,14834,0
2c558331,2c558331,XOM,target,100,25241,25860,58808,0908T174804,0908T175157,0909T133325,0,0,159.1600,163.0650,161.2550,156.3280,156.3280,158.59,25270,0
2cc34c58,2cc34c58,INTC,target,29,32541,33860,37086,0908T151000,0908T151359,0909T150012,0,0,102.4000,106.3100,105.9700,97.6417,97.6417,317.78,32563,0
2d0c018f,2d0c018f,RGTI,target,84,12563,13150,48001,0924T140711,0924T140959,0924T163533,1,1,15.6650,16.3350,16.3000,15.6650,15.3319,802.01,12569,0
387ac49b,2d0c018f,RGTI,tp_parcial,84,12563,12890,,0924T140711,0924T140959,0924T143155,1,1,15.6650,16.0700,16.3000,15.3319,15.3319,802.01,12569,0
2dd877b7,2dd877b7,MSTR,stop,72,10790,10080,-52029,0914T142105,0914T142439,0916T141526,0,0,134.9400,126.4800,137.8900,127.6005,127.6005,79.96,10813,0
2e751150,2e751150,META,target,45,42334,44980,116693,0909T134506,0909T134834,0915T140547,0,0,638.6100,677.9500,672.7700,638.6100,623.7530,66.29,42312,0
2e87be13,2e87be13,VIST,stop,63,38593,37700,-59167,0918T184513,0918T184912,0921T140252,0,0,72.2100,70.8100,73.5200,70.8803,70.8803,534.46,38529,0
323eff21,323eff21,TSLA,stop,58,39129,38040,-65870,0928T140456,0928T140915,0929T134634,0,0,361.6000,352.5500,365.0499,354.5407,354.5407,108.21,39157,0
32d51524,32d51524,LAR,target,29,8762,8860,2533,0928T162455,0928T162824,0928T181511,1,1,5.4200,5.4700,5.4700,4.9352,4.9352,1616.65,8794,0
e253f6b4,32d51524,LAR,tp_parcial,28,8762,8815,,0928T162455,0928T162824,0928T163255,1,1,5.4200,5.4600,5.4700,4.9352,4.9352,1616.65,8794,0
3334ff74,3334ff74,META,target,13,44212,46560,29810,0917T195050,0917T195613,0921T134203,0,0,667.0500,699.4400,685.3100,641.6766,641.6766,66.28,44319,0
e906a95e,3334ff74,META,tp_parcial,13,44212,45120,,0917T195050,0917T195613,0917T200048,0,1,667.0500,682.6000,685.3100,641.6766,641.6766,66.28,44319,0
350b8bff,350b8bff,RGTI,trailing,57,13060,12960,-6597,0921T141547,0921T141855,0923T144828,0,0,16.3100,16.2500,16.6800,16.3100,15.8180,800.73,13052,0
67b64a37,350b8bff,RGTI,tp_parcial,57,13060,13060,,0921T141547,0921T141855,0921T200035,0,1,16.3100,16.5350,16.6800,15.8180,15.8180,800.73,13052,0
3519cd8c,3519cd8c,IREN,stop,55,6163,5710,-25310,0924T142445,0924T142828,0928T145517,0,0,46.0000,42.3100,47.2500,42.9770,42.9770,133.98,6170,0
ced31243,3519cd8c,IREN,tp_parcial,55,6163,6240,,0924T142445,0924T142828,0924T171117,0,1,46.0000,46.7700,47.2500,42.9770,42.9770,133.98,6170,0
368fb457,368fb457,MU,target,1,309114,315800,6308,0917T135046,0917T135441,0918T135323,0,0,967.3800,990.0800,989.9600,908.7737,908.7737,319.54,308875,0
67b2820c,368fb457,MU,tp_parcial,1,309114,314000,,0917T135046,0917T135441,0917T135956,0,1,967.3800,982.6000,989.9600,908.7737,908.7737,319.54,308875,0
369bb156,369bb156,NU,target,188,11418,11510,14688,0914T134754,0914T135119,0914T151053,1,1,14.2400,14.3950,14.3800,13.9417,13.9417,801.81,11416,0
36a52a05,36a52a05,MSTR,target,107,10938,12280,142091,0918T164304,0918T164555,0918T192140,1,1,137.0675,153.4400,152.2700,147.6081,134.4323,79.8,10971,0
808e27f7,36a52a05,MSTR,tp_parcial,106,10938,11960,,0918T164304,0918T164555,0918T165030,1,1,137.0675,149.8550,152.2700,142.3378,134.4323,79.8,10971,0
37e20e53,37e20e53,SNDK,target,28,15116,15950,22826,0918T133636,0918T133924,0918T143500,1,1,1616.8022,1699.1900,1696.3700,1531.2060,1531.2060,9.35,15207,0
9846e6f1,37e20e53,SNDK,tp_parcial,27,15116,15580,,0918T133636,0918T133924,0918T134508,1,1,1616.8022,1666.0100,1696.3700,1531.2060,1531.2060,9.35,15207,0
0ce1d101,38f27105,XOM,tp_parcial,36,25874,25980,,0923T143657,0923T144032,0924T133355,0,0,161.4450,162.4900,163.1100,157.6388,157.6388,160.26,25855,0
38f27105,38f27105,XOM,target,37,25874,26340,16073,0923T143657,0923T144032,0924T134858,0,0,161.4450,163.9000,163.1100,157.6388,157.6388,160.26,25855,0
397a7fb8,397a7fb8,TSLA,target,28,38496,39100,15598,0908T154301,0908T154624,0908T164608,1,1,364.0200,369.2200,368.9200,348.8609,348.8609,105.75,38568,0
3acd7e9e,3b177973,AVGO,tp_parcial,96,14538,14910,,0925T135039,0925T142113,0929T133310,0,0,350.0700,358.7500,359.4900,344.4618,344.4618,41.53,14506,0
3b177973,3b177973,AVGO,target,97,14538,14930,36295,0925T135039,0925T142113,0929T143524,0,0,350.0700,361.1350,359.4900,350.0700,344.4618,41.53,14506,0
3c21e935,3c21e935,RGTI,target,110,12104,12310,21035,0918T144046,0918T144429,0918T181235,1,1,15.1600,15.3600,15.3200,14.9049,14.9049,798.42,12130,0
ee459580,3c21e935,RGTI,tp_parcial,110,12104,12200,,0918T144046,0918T144429,0918T160051,1,1,15.1600,15.2800,15.3200,14.9049,14.9049,798.42,12130,0
3c30d5ee,3c30d5ee,TSLA,target,28,38476,39700,32948,0908T171757,0908T172124,0909T133540,0,0,364.0200,374.0100,368.9200,348.8609,348.8609,105.7,38493,0
3c4c9e17,3c4c9e17,NVDA,stop,106,14887,14020,-93756,0909T184245,0909T184615,0914T133354,0,0,223.5100,209.8300,225.1000,217.1594,217.1594,66.61,14877,0
3cc3f8f3,3cc3f8f3,GPRK,stop,30,17890,17270,-19238,0916T183950,0916T184302,0928T163040,0,0,11.2100,10.7100,11.6700,10.7443,10.7443,1595.93,17890,0
9d9cd1f6,3cc3f8f3,GPRK,tp_parcial,30,17890,18410,,0916T183950,0916T184302,0924T150814,0,0,11.2100,11.4500,11.6700,10.7443,10.7443,1595.93,17890,0
3ccf047b,3ccf047b,NU,stop,134,10801,10150,-88932,0924T172957,0924T173326,0928T134216,0,0,13.4100,12.4900,14.0500,12.9934,12.9934,805.47,10794,0
3cde03ed,3cde03ed,IREN,target,111,5750,6315,61905,0917T133729,0917T134609,0921T135441,0,0,43.2200,47.2700,47.2500,43.2200,41.9145,133.04,5758,0
f9775efb,3cde03ed,IREN,tp_parcial,110,5750,6030,,0917T133729,0917T134609,0918T173710,0,0,43.2200,45.3800,47.2500,41.9145,41.9145,133.04,5758,0
3ddd9b76,3ddd9b76,COIN,target,161,10803,11250,69819,0914T134931,0914T135226,0914T162114,1,1,182.8900,190.4800,189.2700,178.1757,178.1757,59.07,10811,0
3f52f622,3f52f622,IREN,target,463,5595,5780,82469,0916T134147,0916T134508,0916T144133,1,1,42.2100,43.6400,43.5200,41.4777,41.4777,132.56,5602,0
4082c70b,4082c70b,MRNA,target,238,11984,12440,105011,0915T171140,0915T171508,0916T171757,0,0,142.7800,148.1600,147.4999,142.7800,140.5294,83.93,11959,0
40c5da5c,40c5da5c,WMT,stop,201,9645,9490,-33482,0914T162335,0914T162732,0929T135914,0,0,108.5600,105.7900,116.0300,106.0425,106.0425,88.85,9619,0
41a28293,41a28293,NBIS,stop,237,12540,12390,-39125,0914T134744,0914T135119,0915T145715,0,0,213.7500,210.2000,223.4400,210.5557,210.5557,58.67,12666,0
41a7e841,41a7e841,MRNA,target,10,15300,16150,8310,0924T173133,0924T173434,0924T183905,1,1,180.3880,190.6200,187.2000,152.7234,152.7234,84.82,15229,0
754b17c9,41a7e841,MRNA,tp_parcial,9,15300,15580,,0924T173133,0924T173434,0924T174845,1,1,180.3880,183.8900,187.2000,152.7234,152.7234,84.82,15229,0
42d41540,42d41540,AMZN,stop,271,2836,2755,-22868,0921T165105,0921T165420,0924T134100,0,0,255.2900,247.0050,261.1200,247.8329,247.8329,11.11,2839,0
6eafd2f4,42d41540,AMZN,tp_parcial,271,2836,2877.5,,0921T165105,0921T165420,0921T174629,0,1,255.2900,258.9800,261.1200,247.8329,247.8329,11.11,2839,0
1d792a4c,43b31fce,COIN,tp_parcial,80,10864,11320,,0918T143914,0918T144213,0918T145002,1,1,182.8900,191.2900,191.3550,178.1757,178.1757,59.4,10788,0
43b31fce,43b31fce,COIN,target,81,10864,11360,39087,0918T143914,0918T144213,0918T150722,1,1,182.8900,192.0000,191.3550,182.8900,178.1757,59.4,10788,0
44209e65,44209e65,MSFT,target,66,26117,26900,49561,0907T133758,0908T133335,0914T162008,0,0,493.8100,505.4100,505.1800,480.9099,480.9099,52.89,25746,0
45072fb5,45072fb5,RGTI,target,105,12352,12650,29702,0917T135424,0917T135958,0917T144732,1,1,15.4600,15.8350,15.7800,15.1929,15.1929,798.98,12380,0
ad4a642e,45072fb5,RGTI,tp_parcial,105,12352,12520,,0917T135424,0917T135958,0917T140431,1,1,15.4600,15.7000,15.7800,15.1929,15.1929,798.98,12380,0
4509d0c1,4509d0c1,NVDA,target,196,13949,14240,53693,0914T165646,0914T165951,0916T133756,0,0,209.2300,213.8900,213.6000,205.7993,205.7993,66.67,13942,0
4590a1c0,4590a1c0,XOM,stop,74,26361,25940,-33496,0924T142134,0924T142504,0925T171756,0,0,164.0800,160.1400,165.6500,160.3149,160.3149,160.66,26362,0
45cb0a44,45cb0a44,MU,target,1,317417,330375,12566,0907T133745,0907T134138,0909T140847,0,0,991.1000,1038.3300,1036.1300,908.7737,908.7737,320.27,317368,0
46a81503,46a81503,VST,target,168,8664,8900,37863,0925T133436,0925T133730,0929T135228,0,0,138.9500,142.8700,141.1000,134.6707,134.6707,62.36,8681,0
48092bd3,48092bd3,GOOGL,target,201,9330,9545,40920,0911T143536,0911T143911,0914T135118,0,0,338.5651,346.1800,344.6600,330.4903,330.4903,27.56,9345,0
48c86196,48c86196,ARM,target,98,14588,15190,57230,0915T140532,0915T140911,0917T134027,0,0,247.6000,258.4000,255.6900,239.8095,239.8095,58.92,14590,0
49f0fd67,49f0fd67,RGTI,stop,221,12055,11860,-46293,0915T171005,0915T171251,0916T164708,0,0,15.1600,14.8950,15.3200,14.9049,14.9049,795.16,12078,0
4b191a60,4b191a60,MELI,stop,36,24477,23440,-38376,0915T143221,0915T143553,0924T183903,0,0,1840.0000,1743.9600,1890.0000,1746.8955,1746.8955,13.3,24507,0
4d45ca81,4d45ca81,ADI,target,38,38531,39120,20597,0917T151320,0917T151657,0918T134941,0,0,362.3500,368.2100,366.6700,356.8172,356.8172,106.34,39099,0
ca0d37f1,4d45ca81,ADI,tp_parcial,37,38531,38480,,0917T151320,0917T151657,0918T133816,0,0,362.3500,366.4200,366.6700,356.8172,356.8172,106.34,39099,0
4e029a91,4e029a91,IBM,stop,57,24970,24370,-35901,0923T140707,0923T141025,0924T134858,0,0,233.7500,228.1300,238.2900,230.0582,230.0582,106.82,24993,0
d6de9e26,4e029a91,IBM,tp_parcial,57,24970,25240,,0923T140707,0923T141025,0923T141456,0,1,233.7500,236.6300,238.2900,230.0582,230.0582,106.82,24993,0
4e755a00,4e755a00,AVGO,stop,129,15060,14770,-39738,0908T152628,0908T152912,0909T142129,0,0,370.6500,361.7000,375.1200,362.0974,362.0974,40.63,15082,0
4f60a00a,4f60a00a,MSFT,stop,121,26441,26000,-57200,0914T162345,0914T162732,0916T192052,0,0,496.7800,489.4300,513.5000,489.7973,489.7973,53.22,26441,0
4fa26553,4fa26553,AVGO,stop,68,14827,14360,-32957,0921T194239,0921T194534,0924T134101,0,0,362.0000,349.1800,366.7800,353.9350,353.9350,40.96,14830,0
acfd442c,4fa26553,AVGO,tp_parcial,68,14827,14940,,0921T194239,0921T194534,0922T175731,0,0,362.0000,364.4500,366.7800,353.9350,353.9350,40.96,14830,0
51d1f566,51d1f566,GGAL,stop,130,6645,6467,-24171,0918T145257,0918T145603,0922T150338,0,0,41.6900,40.5100,42.4400,40.6038,40.6038,159.38,6645,0
e0c480a3,51d1f566,GGAL,tp_parcial,129,6645,6726,,0918T145257,0918T145603,0921T172528,0,0,41.6900,42.0800,42.4400,40.6038,40.6038,159.38,6645,0
5231e950,5231e950,AVGO,target,186,14941,14930,-5407,0908T133515,0908T133918,0908T140646,1,1,365.3513,368.0000,367.1200,359.4660,359.4660,40.89,14989,0
52621311,52621311,NU,target,206,12056,12460,80169,0904T153115,0904T153450,0908T133335,0,0,15.1900,15.6500,15.5800,14.9149,14.9149,793.66,12022,0
526c6c18,526c6c18,SATL,target,131,8699,9000,38028,0917T142627,0917T143005,0917T192245,1,1,5.4300,5.6400,5.5700,5.3225,5.3225,1601.99,8659,0
e909d93c,526c6c18,SATL,tp_parcial,131,8699,8860,,0917T142627,0917T143005,0917T143437,1,1,5.4300,5.5500,5.5700,5.3225,5.3225,1601.99,8659,0
52b56597,52b56597,VST,trailing,207,9017,8795,-48185,0907T153128,0907T153448,0914T133354,0,0,144.8300,142.4800,156.9900,144.8300,141.3436,62.26,9007,0
52e6f4a1,52e6f4a1,RGTI,target,48,13007,13380,17138,0928T133248,0928T145732,0928T163410,1,1,16.0700,16.5900,16.5600,15.4909,15.4909,809.42,13096,0
9af4ebb2,52e6f4a1,RGTI,tp_parcial,47,13007,13240,,0928T133248,0928T145732,0928T154552,1,1,16.0700,16.3450,16.5600,15.4909,15.4909,809.42,13096,0
53f839fc,53f839fc,AMD,target,17,73595,75325,27878,0904T144754,0904T145135,0904T164503,1,1,463.8800,475.0100,474.0400,447.8430,447.8430,158.65,73870,0
5597fe15,5597fe15,QCOM,target,63,25584,26120,31797,0914T134941,0914T135226,0914T142903,1,1,175.7400,179.4400,178.8300,170.8310,170.8310,145.58,25567,0
55a0216f,55a0216f,MELI,stop,38,25614,24450,-45383,0910T153047,0910T153433,0915T141234,0,0,1929.0000,1839.8600,1946.0000,1840.0589,1840.0589,13.28,25641,0
55ada1a7,55ada1a7,PLTR,target,7,93966,96825,19205,0917T143954,0917T144302,0921T140510,0,0,176.5000,181.3550,179.8700,170.8258,170.8258,532.38,93972,0
7cc1b1e9,55ada1a7,PLTR,tp_parcial,7,93966,95000,,0917T143954,0917T144302,0921T133417,0,0,176.5000,179.3500,179.8700,170.8258,170.8258,532.38,93972,0
57a6a26c,57a6a26c,MRNA,target,65,11808,12150,21288,0914T140257,0914T140607,0914T152907,1,1,140.5000,144.2700,144.2000,132.3967,132.3967,84.04,11826,0
57c86105,57c86105,ADI,target,31,39448,43040,109805,0921T170914,0921T171256,0929T134044,0,0,371.0900,400.5500,396.9500,384.9641,364.1530,106.3,39442,0
bcf66c00,57c86105,ADI,tp_parcial,30,39448,40840,,0921T170914,0921T171256,0922T140314,0,0,371.0900,384.3200,396.9500,364.1530,364.1530,106.3,39442,0
580986fd,580986fd,RGTI,stop,210,12348,11990,-78272,0914T162845,0914T163222,0915T145046,0,0,15.4600,15.0550,15.7800,15.1929,15.1929,798.71,12350,0
58a5fb0d,58a5fb0d,GGAL,stop,410,6809,6663,-63202,0917T155625,0917T155958,0918T144428,0,0,42.6300,41.8050,44.1600,41.9443,41.9443,159.72,6809,0
594f4160,594f4160,AMD,stop,29,80009,78000,-61033,0911T175824,0911T180156,0914T133525,0,0,501.3500,484.3500,526.7900,491.8826,491.8826,159.59,80040,0
5a7cc0b2,5a7cc0b2,SATL,target,65,8600,9650,67532,0922T185913,0922T190158,0924T172028,0,0,5.3900,5.9950,5.9300,5.3900,5.1740,1595.63,8623,0
92c9fa80,5a7cc0b2,SATL,tp_parcial,65,8600,9135,,0922T185913,0922T190158,0922T190635,0,1,5.3900,5.7150,5.9300,5.1740,5.1740,1595.63,8623,0
5a91ddc8,5a91ddc8,HUT,target,58,28458,30000,87385,0916T194428,0916T194723,0917T134028,0,0,88.6300,94.5100,90.2400,91.0477,86.2123,321.08,28317,0
5b22d7aa,5b22d7aa,ADBE,stop,143,9112,8775,-49738,0916T151554,0916T151856,0922T151047,0,0,251.2000,241.5100,258.7500,242.5700,242.5700,36.27,9116,0
5bd86e53,5bd86e53,NU,stop,188,11450,10980,-90911,0914T162348,0914T162732,0916T133422,0,0,14.3400,13.7700,14.7900,14.0410,14.0410,798.48,11478,0
5be16b5e,5be16b5e,GGAL,target,310,6980,7009,6366,0904T150357,0904T150736,0904T151155,1,1,44.0200,44.2000,44.1600,43.1061,43.1061,158.57,6980,0
5c88a7d9,5c88a7d9,AMD,target,13,79249,83200,50085,0908T145427,0908T145756,0909T135207,0,0,498.1500,522.4600,517.3000,477.6330,477.6330,159.09,79253,0
0896fd9a,5ce19b05,COIN,tp_parcial,80,10808,11540,,0918T162707,0918T163136,0918T163619,0,1,182.8900,195.5800,195.8500,182.8900,178.1757,59.1,10813,0
5ce19b05,5ce19b05,COIN,target,81,10808,12200,111624,0918T162707,0918T163136,0921T134057,0,0,182.8900,205.5200,195.8500,197.0330,178.1757,59.1,10813,0
5d6f79b1,5d6f79b1,QCOM,target,63,25532,27080,95519,0914T183609,0914T183943,0915T133446,0,0,175.7400,187.0100,183.4400,175.7400,170.8310,145.28,25524,0
5e095623,5e095623,IREN,target,630,5467,5630,98460,0915T144917,0915T160140,0916T133422,0,0,41.1105,42.4100,42.2400,41.6470,40.5740,132.99,5468,0
5ecdc943,5ecdc943,RGTI,target,228,12272,12390,23502,0914T143457,0914T143732,0914T162729,1,1,15.3000,15.5100,15.4601,15.0539,15.0539,802.08,12258,0
61f5d10a,61f5d10a,HUT,trailing,89,28680,28680,-3089,0916T134448,0916T134835,0916T193122,1,1,89.5782,89.5500,94.2200,89.5782,88.0096,320.17,28595,0
62261418,62261418,GGAL,stop,309,6953,6725,-73009,0911T193214,0911T193608,0915T134727,0,0,43.5300,42.1670,44.1600,42.6196,42.6196,159.73,6953,0
62f906f6,62f906f6,XOM,stop,40,26271,25040,-50482,0914T134736,0914T165405,0922T134059,0,0,164.6600,156.9450,176.4100,157.6388,157.6388,159.55,26359,0
47f2878c,63613de9,VST,tp_parcial,67,8766,8950,,0914T134804,0914T135120,0917T155033,0,0,142.3400,145.6700,148.7759,136.9446,136.9446,61.59,8785,0
63613de9,63613de9,VST,stop,68,8766,8415,-24575,0914T134804,0914T135120,0924T134101,0,0,142.3400,136.6100,148.7759,136.9446,136.9446,61.59,8785,0
65140d54,65140d54,MSTR,stop,274,10140,9890,-71820,0916T142945,0916T143241,0916T185735,1,1,126.9100,124.0000,127.9000,124.8605,124.8605,79.9,10140,0
6699afd6,6699afd6,MRVL,target,16,27767,28980,18859,0917T135429,0917T135958,0921T151133,0,0,244.0000,253.5700,252.5200,231.6470,231.6470,113.8,27873,0
cc62becc,6699afd6,MRVL,tp_parcial,15,27767,28260,,0917T135429,0917T135958,0921T133415,0,0,244.0000,250.3600,252.5200,231.6470,231.6470,113.8,27873,0
687250ad,687250ad,GGAL,target,167,6729,6842,17500,0915T140149,0915T140547,0917T154926,0,0,42.2400,42.8400,42.8200,41.3982,41.3982,159.3,6748,0
97d3f49a,687250ad,GGAL,tp_parcial,167,6729,6790,,0915T140149,0915T140547,0917T134027,0,0,42.2400,42.5700,42.8200,41.3982,41.3982,159.3,6748,0
68ea224b,68ea224b,VIST,target,35,38831,40340,51139,0907T153131,0907T153448,0908T133703,0,0,73.2900,75.4550,75.3400,70.8803,70.8803,529.83,38771,0
691928e6,691928e6,GPRK,stop,88,18653,18080,-52380,0915T162239,0915T162542,0916T142822,0,0,11.6800,11.3500,12.1400,11.3599,11.3599,1596.96,18653,0
697d6afe,697d6afe,GOOGL,stop,114,9665,9440,-26968,0918T135245,0918T142109,0923T141024,0,0,350.6500,341.9600,373.1600,343.9355,343.9355,27.56,9667,0
c9a2c5b2,697d6afe,GOOGL,tp_parcial,114,9665,10020,,0918T135245,0918T142109,0922T135241,0,0,350.6500,362.9800,373.1600,343.9355,343.9355,27.56,9667,0
6b15ef94,6b15ef94,GPRK,target,88,18674,18920,19646,0915T144851,0915T145303,0915T160544,1,1,11.6800,11.8700,11.8700,11.3599,11.3599,1598.8,18596,0
6c646ea8,6c646ea8,IBM,stop,128,24860,24450,-56299,0917T154316,0918T133654,0918T140942,1,1,234.1800,229.9100,240.8065,232.1138,232.1138,106.16,25099,0
6d477a3e,6d477a3e,KO,target,80,27439,28780,104559,0907T133819,0907T134138,0914T133354,0,0,88.0100,89.7400,89.2250,86.2420,86.2420,311.78,27919,0
6dad46b9,6dad46b9,COIN,target,90,9995,10200,17350,0915T184523,0915T185424,0915T190330,1,1,169.6400,173.1500,173.0900,161.9881,161.9881,58.92,10029,0
6ebcb010,6ebcb010,SNDK,stop,33,17487,16440,-35228,0922T140031,0922T140423,0928T135448,0,0,1861.0100,1715.4700,2354.3899,1715.9239,1715.9239,9.4,17469,0
1f2f1b4f,6f2e1453,SATL,tp_parcial,66,7905,8350,,0914T143615,0914T143946,0917T133349,0,0,4.9484,5.1700,5.2100,4.7366,4.7366,1597.59,7911,0
6f2e1453,6f2e1453,SATL,target,66,7905,8630,47190,0914T143615,0914T143946,0917T134940,0,0,4.9484,5.4000,5.2100,4.9484,4.7366,1597.59,7911,0
1b10ec26,702d037b,GOOGL,tp_parcial,137,9417,9445,,0923T143839,0923T144142,0923T145633,0,1,340.6400,342.0700,342.9700,334.7304,334.7304,27.64,9424,0
702d037b,702d037b,GOOGL,target,138,9417,9620,26425,0923T143839,0923T144142,0925T134415,0,0,340.6400,344.7800,342.9700,334.7304,334.7304,27.64,9424,0
70cfb569,70cfb569,META,target,25,46487,49060,62880,0921T141713,0921T142003,0921T173236,1,1,699.3300,737.6700,735.2700,699.3300,685.6764,66.47,46573,0
fd79c305,70cfb569,META,tp_parcial,24,46487,47740,,0921T141713,0921T142003,0921T154715,1,1,699.3300,718.7550,735.2700,685.6764,685.6764,66.47,46573,0
7194237b,7194237b,SNDK,target,120,14248,14700,52138,0914T134928,0914T135226,0914T142222,1,1,1514.3600,1565.1750,1557.8900,1474.6249,1474.6249,9.41,14241,0
43369805,71a1a8df,MRNA,tp_parcial,26,16104,16810,,0928T174523,0928T174930,0928T175402,0,1,189.1001,197.9000,202.6700,179.1253,179.1253,85.16,16081,0
71a1a8df,71a1a8df,MRNA,target,27,16104,17250,30397,0928T174523,0928T174930,0929T193722,0,0,189.1001,203.2100,202.6700,179.1253,179.1253,85.16,16081,0
72480822,72480822,INTC,stop,32,39756,38200,-51301,0925T193407,0925T193726,0928T135022,0,0,122.8400,117.6800,124.2500,118.6039,118.6039,323.64,39715,0
738d3a2c,738d3a2c,JNJ,target,35,27718,28540,27579,0915T174016,0915T174330,0916T182241,0,0,260.6800,268.5000,268.3800,248.6869,248.6869,106.33,27739,0
73930847,73930847,OKLO,stop,1414,2174,2144,-46114,0924T162749,0924T163059,0928T135129,0,0,38.0500,37.2950,40.6500,37.4957,37.4957,57.15,2184,0
74138b78,74138b78,V,stop,47,33020,32040,-47910,0914T133521,0914T190138,0922T153941,0,0,372.9750,360.3600,382.2100,362.9613,362.9613,88.53,33190,0
74ee3ea8,74ee3ea8,INTC,target,29,32519,32940,11061,0908T143812,0908T144158,0908T145755,1,1,102.4000,103.5600,103.1500,97.6417,97.6417,317.57,32494,0
77f4c06c,77f4c06c,MRNA,stop,241,12141,11810,-83263,0914T133326,0914T133632,0914T140019,1,1,142.7800,140.2550,147.4999,140.5294,140.5294,85.04,11817,0
7811af17,7811af17,NU,stop,100,11933,11440,-50714,0909T141546,0909T141918,0914T133525,0,0,15.0200,14.2850,15.4200,14.4581,14.4581,794.47,11970,0
79663b7e,79663b7e,GOOGL,target,124,9104,9390,34077,0909T172347,0909T172728,0911T142413,0,0,330.2000,340.5300,339.6650,317.1146,317.1146,27.57,9102,0
7999b9c8,7999b9c8,UBER,stop,46,57650,56350,-62973,0914T133328,0914T133958,0916T134333,0,0,71.9400,70.6200,73.4800,70.7413,70.7413,801.36,57779,0
79ba919f,79ba919f,META,target,13,44353,45100,9007,0917T173254,0917T173547,0917T194939,1,1,667.0500,679.9500,678.8700,641.6766,641.6766,66.49,44353,0
9695b61b,79ba919f,META,tp_parcial,13,44353,45060,,0917T173254,0917T173547,0917T174036,1,1,667.0500,677.8000,678.8700,641.6766,641.6766,66.49,44353,0
79f36db9,79f36db9,TSLA,target,28,38453,39040,15123,0908T170026,0908T170417,0908T170942,1,1,364.0200,369.0000,368.9200,348.8609,348.8609,105.63,38554,0
7a4c0d8c,7a4c0d8c,LAR,target,135,8880,9100,28231,0915T184515,0915T185058,0915T194024,1,1,5.5700,5.6950,5.6800,5.3622,5.3622,1594.33,8898,0
7aeb64f6,7aeb64f6,ADBE,stop,189,8740,8335,-78497,0924T133529,0924T134103,0928T134217,0,0,239.7600,226.2800,247.4400,235.0034,235.0034,36.45,8805,0
7c877803,7c877803,OKLO,target,139,2095,2341,33821,0914T153905,0914T154240,0922T152552,0,0,36.6100,41.2100,40.7700,33.7743,33.7743,57.22,2095,0
f8228147,7c877803,OKLO,tp_parcial,138,2095,2203,,0914T153905,0914T154240,0917T151440,0,0,36.6100,38.7400,40.7700,33.7743,33.7743,57.22,2095,0
7ce3e61a,7ce3e61a,AMZN,stop,793,2846,2775,-59000,0907T133755,0907T134138,0915T141348,0,0,255.2900,250.0450,261.1200,250.1665,250.1665,11.15,2826,0
46a51a26,7d19e30f,V,tp_parcial,21,33027,33080,,0925T174539,0925T174913,0925T180528,0,1,367.0900,367.7700,368.2100,355.5436,355.5436,89.97,33013,0
7d19e30f,7d19e30f,V,target,22,33027,33340,6003,0925T174539,0925T174913,0928T135923,0,0,367.0900,369.3900,368.2100,355.5436,355.5436,89.97,33013,0
078b4fda,7da26ee5,TSLA,tp_parcial,13,38667,39360,,0910T135731,0910T140056,0917T133347,0,0,364.0200,368.6700,368.9200,348.8609,348.8609,106.22,38647,0
7da26ee5,7da26ee5,TSLA,target,14,38667,39620,12679,0910T135731,0910T140056,0917T141353,0,0,364.0200,372.3500,368.9200,348.8609,348.8609,106.22,38647,0
7e33cab4,7e33cab4,ADI,target,77,38746,38940,11319,0914T134950,0914T135227,0916T140110,0,0,362.3500,367.1150,366.7200,356.8544,356.8544,106.93,38529,0
7eb9e5b9,7eb9e5b9,HUT,stop,58,28200,27460,-44873,0915T140527,0915T140910,0915T195249,1,1,88.4700,86.0100,90.2400,86.2123,86.2123,318.75,28239,0
7f202c21,7f202c21,IREN,stop,220,5785,5530,-57606,0916T144553,0916T144947,0916T192308,1,1,43.4200,41.7100,44.3550,41.9145,41.9145,133.23,5767,0
803d1021,803d1021,MSFT,target,62,25945,26020,2701,0916T192658,0916T193012,0916T195255,1,1,487.3100,489.8700,489.2900,473.8099,473.8099,53.24,25908,0
82044df9,82044df9,VIST,stop,30,37069,36220,-26800,0923T140652,0923T161426,0925T134055,0,0,69.3300,67.0100,71.7700,67.9212,67.9212,534.68,36979,0
c57674bd,82044df9,VIST,tp_parcial,29,37069,37860,,0923T140652,0923T161426,0924T133355,0,0,69.3300,71.0500,71.7700,67.9212,67.9212,534.68,36979,0
1da5f74a,840b57c5,MCD,tp_parcial,80,16536,16730,,0916T173839,0916T174126,0922T143011,0,0,247.8300,251.3450,254.7300,243.6243,243.6243,66.72,16525,0
840b57c5,840b57c5,MCD,stop,80,16536,15960,-47653,0916T173839,0916T174126,0923T135747,0,0,247.8300,239.2400,254.7300,243.6243,243.6243,66.72,16525,0
846c78e6,846c78e6,NVDA,target,85,14325,14520,15092,0916T150056,0916T150354,0917T134029,0,0,215.1000,218.2700,216.8300,207.1597,207.1597,66.6,14296,0
8495e827,8495e827,KEEL,target,33,29628,31560,62534,0918T161151,0918T161448,0918T181127,1,1,3.7010,3.9500,3.9000,3.7010,3.6145,8005.28,29628,0
8e1c65d6,8495e827,KEEL,tp_parcial,32,29628,30540,,0918T161151,0918T161448,0918T162246,1,1,3.7010,3.8300,3.9000,3.6145,3.6145,8005.28,29628,0
85034987,85034987,JNJ,stop,64,28480,27700,-52095,0908T135046,0908T135411,0915T134258,0,0,268.5700,261.3900,271.8400,261.9832,261.9832,106.04,28419,0
0790e64d,858163ef,RGTI,tp_parcial,114,12250,12310,,0918T181536,0918T181848,0918T191610,1,1,15.3000,15.4050,15.4601,15.0539,15.0539,800.65,12246,0
858163ef,858163ef,RGTI,target,114,12250,12390,14261,0918T181536,0918T181848,0918T193346,1,1,15.3000,15.4700,15.4601,15.0539,15.0539,800.65,12246,0
872bd74a,872bd74a,IREN,stop,220,5783,5520,-59364,0914T141922,0914T142225,0915T144345,0,0,43.4500,41.6650,45.3500,41.9145,41.9145,133.11,5769,0
50acc00c,88af2483,LAR,tp_parcial,101,9010,9135,,0917T133507,0918T133924,0918T195556,0,1,5.6700,5.7500,5.8300,5.5310,5.5310,1589.07,9000,0
88af2483,88af2483,LAR,target,102,9010,9370,35586,0917T133507,0918T133924,0921T134202,0,0,5.6700,5.8900,5.8300,5.6700,5.5310,1589.07,9000,0
895cce1f,895cce1f,AMD,target,33,75271,78400,100189,0904T165922,0904T170313,0908T133335,0,0,475.0000,492.8800,478.7500,475.0000,466.4518,158.46,75362,0
89d56016,89d56016,ORCL,target,34,75934,78550,85766,0914T134806,0914T135120,0917T134028,0,0,142.5100,148.1000,146.0800,142.5100,140.0329,532.83,75977,0
89e003ea,89e003ea,ADBE,stop,134,9496,9135,-49884,0915T160704,0915T161055,0916T143921,0,0,261.6700,252.3800,265.0900,252.4703,252.4703,36.29,9481,0
89e8c3fc,89e8c3fc,COIN,target,159,10789,10970,26686,0914T133348,0914T133635,0914T134409,1,1,182.8900,185.2000,184.8000,178.1757,178.1757,58.99,10934,0
8b3a7805,8b3a7805,NU,stop,111,12406,11970,-50033,0908T133538,0908T135048,0909T140743,0,0,15.5900,15.0750,15.8100,15.0837,15.0837,795.78,12402,0
9050a2fd,9050a2fd,GGAL,target,310,6980,7239,77623,0904T151946,0904T152322,0910T150030,0,0,44.0200,45.4450,45.0800,43.1061,43.1061,158.57,6980,0
917cdd6c,917cdd6c,MELI,target,66,24652,25400,47369,0910T145858,0910T150243,0910T151020,1,1,1853.0302,1908.0000,1903.0000,1802.3049,1802.3049,13.3,24657,0
9295a336,9295a336,RGTI,target,157,11872,12350,72745,0914T133352,0914T133635,0914T142116,1,1,14.8500,15.4900,15.3200,14.4928,14.4928,799.47,11886,0
92c13216,92c13216,NU,stop,90,11270,10760,-47100,0922T134343,0922T134648,0924T151545,0,0,14.0600,13.3700,14.3800,13.4353,13.4353,801.56,11226,0
949749ca,949749ca,LAR,stop,90,9430,8930,-46000,0914T165822,0914T170205,0915T151224,0,0,5.9200,5.5950,6.3600,5.6105,5.6105,1592.94,9460,0
94ec6dcf,94ec6dcf,COIN,target,161,10832,11310,74801,0914T163915,0914T164356,0914T172142,1,1,182.8900,191.6600,191.3550,178.1757,178.1757,59.22,10789,0
94f55944,94f55944,SATL,target,262,8605,8890,71897,0917T135419,0917T135958,0917T141608,1,1,5.4100,5.5700,5.4850,5.3225,5.3225,1590.57,8641,0
9538e12e,9538e12e,NVDA,target,196,13965,14150,32926,0914T134922,0914T135225,0914T165405,1,1,209.2300,212.2600,212.1900,205.7993,205.7993,66.75,13964,0
95cc3bbd,95cc3bbd,AVGO,target,188,14871,15130,45280,0908T142403,0908T142736,0908T151719,1,1,365.3513,371.4200,371.0900,359.4660,359.4660,40.7,14850,0
96268e9a,96268e9a,INTC,target,30,30423,31400,28188,0914T134748,0914T135119,0914T170205,1,1,95.2500,98.3000,98.1800,90.6410,90.6410,319.4,30478,0
97437ea3,97437ea3,RGTI,target,210,12336,12590,50173,0918T193458,0918T193833,0921T133047,0,0,15.4600,16.3600,15.5950,15.7271,15.1929,797.93,12370,0
97aeb799,97aeb799,XOM,target,40,26237,26420,6046,0910T134047,0910T134917,0910T181746,1,1,164.6600,165.7250,165.6500,157.6388,157.6388,159.34,26280,0
99255eff,99255eff,SNDK,target,110,14516,15120,64468,0914T171130,0914T171442,0917T134608,0,0,1542.0000,1607.4800,1600.0000,1498.6753,1498.6753,9.41,14503,0
8e962ba7,9abd7cd5,ORCL,tp_parcial,6,78778,80475,,0917T155800,0917T160110,0917T160827,0,1,147.7500,151.0450,153.8300,141.3734,141.3734,533.18,78654,0
9abd7cd5,9abd7cd5,ORCL,stop,7,78778,74250,-32344,0917T155800,0917T160110,0924T134101,0,0,147.7500,138.5300,153.8300,141.3734,141.3734,533.18,78654,0
9b9025b4,9b9025b4,NFLX,stop,562,2658,2560,-56850,0914T140240,0914T140607,0916T161212,0,0,79.6000,77.1950,81.0800,77.2058,77.2058,33.39,2659,0
9d593e69,9d593e69,QCOM,target,129,25078,25620,65961,0914T133333,0914T133633,0914T134104,1,1,172.1200,175.7400,174.4400,169.8030,169.8030,145.7,25895,0
9ede3b68,9ede3b68,GOOGL,stop,203,9290,9040,-53001,0904T144808,0904T145135,0909T133539,0,0,338.3600,329.3700,340.0000,330.4903,330.4903,27.46,9280,0
9f100019,9f100019,AAPL,target,64,25412,26580,72739,0910T151457,0910T151844,0911T133617,0,0,319.3500,331.5000,328.4000,310.6104,310.6104,79.57,25419,0
67b81a99,9f5dfa7c,ADI,tp_parcial,30,39618,40340,,0921T151821,0921T152206,0921T152637,1,1,371.0900,379.2100,380.3600,364.1530,364.1530,106.76,39619,0
9f5dfa7c,9f5dfa7c,ADI,target,30,39618,40500,25006,0921T151821,0921T152206,0921T170807,1,1,371.0900,381.2100,380.3600,364.1530,364.1530,106.76,39619,0
9f895dd3,9f895dd3,NU,target,205,12037,12260,42702,0904T143305,0904T143651,0904T152848,1,1,15.1900,15.4550,15.4200,14.9149,14.9149,792.44,12061,0
7246e649,9ffbe3ee,NVDA,tp_parcial,84,14556,14690,,0917T142452,0917T142857,0918T141520,0,0,218.6902,220.6700,221.3000,214.6965,214.6965,66.56,14557,0
9ffbe3ee,9ffbe3ee,NVDA,target,85,14556,14800,19230,0917T142452,0917T142857,0921T133047,0,0,218.6902,222.9100,221.3000,214.6965,214.6965,66.56,14557,0
a1c2b6aa,a1c2b6aa,MSTR,target,214,10907,11610,147527,0918T135257,0918T135600,0918T142107,1,1,137.0675,145.1900,144.4000,139.7027,134.4323,79.57,10927,0
a29aafb1,a29aafb1,QCOM,stop,107,28200,27700,-57119,0928T133051,0928T134003,0928T135128,1,1,191.6000,187.6200,199.6130,190.4078,190.4078,147.18,28596,0
24dcdcff,a29beaa8,MSFT,tp_parcial,29,27394,27880,,0925T134905,0925T135220,0925T135650,1,1,507.3100,517.4300,517.7800,493.3025,493.3025,54,27359,0
a29beaa8,a29beaa8,MSFT,target,30,27394,27940,15376,0925T134905,0925T135220,0925T182559,1,1,507.3100,518.5200,517.7800,493.3025,493.3025,54,27359,0
a2a3ae69,a2a3ae69,IREN,stop,101,6442,6150,-30261,0923T152523,0923T152845,0924T140145,0,0,48.2000,45.8400,48.9100,46.5320,46.5320,133.64,6436,0
c7921ab7,a2a3ae69,IREN,tp_parcial,101,6442,6480,,0923T152523,0923T152845,0923T153314,0,1,48.2000,48.6300,48.9100,46.5320,46.5320,133.64,6436,0
9864caf0,a350aea5,COIN,tp_parcial,80,10821,11350,,0918T151019,0918T151310,0918T151740,1,1,182.8900,192.3700,193.2168,182.8900,178.1757,59.17,10811,0
a350aea5,a350aea5,COIN,target,81,10821,11470,51477,0918T151019,0918T151310,0918T162533,1,1,182.8900,194.1500,193.2168,182.8900,178.1757,59.17,10811,0
a42a25f9,a42a25f9,RGTI,target,131,11880,12310,54413,0916T165109,0916T175312,0917T134029,0,0,14.8350,15.4150,15.3200,14.4203,14.4203,800.81,11848,0
a490dc5b,a490dc5b,HPQ,stop,12,53714,50300,-41723,0914T183607,0914T183943,0924T160914,0,0,33.5700,31.3250,36.2250,31.4036,31.4036,1600.06,53691,0
3c33c3ff,a584037b,COIN,tp_parcial,65,9677,9935,,0916T142937,0916T184134,0917T133350,0,0,163.1300,168.6800,173.0900,157.3508,157.3508,59.32,9647,0
a584037b,a584037b,COIN,target,66,9677,10560,57470,0916T142937,0916T184134,0918T133104,0,0,163.1300,178.0600,173.0900,163.1300,157.3508,59.32,9647,0
a75de2d2,a75de2d2,SNDK,target,110,14512,14710,19835,0914T143442,0914T143731,0914T170948,1,1,1542.0000,1565.0000,1557.8900,1498.6753,1498.6753,9.41,14525,0
a7839193,a7839193,HUT,target,24,29570,32960,80452,0918T181727,0918T182103,0921T133049,0,0,92.5600,104.5700,98.5700,98.3045,89.6878,319.47,29648,0
c15eb6e2,a7839193,HUT,tp_parcial,24,29570,30580,,0918T181727,0918T182103,0918T192849,0,1,92.5600,96.0000,98.5700,89.6878,89.6878,319.47,29648,0
a9151a7b,a9151a7b,MU,target,1,314836,321975,6754,0904T143244,0904T143651,0904T195807,1,1,991.1000,1014.2500,1011.7700,908.7737,908.7737,317.66,315674,0
2f2821d1,aacae86d,NU,tp_parcial,67,10806,10870,,0924T155718,0924T160012,0924T164935,1,1,13.4100,13.5150,13.5150,12.9934,12.9934,805.81,10808,0
aacae86d,aacae86d,NU,target,67,10806,10910,6088,0924T155718,0924T160012,0924T172614,1,1,13.4100,13.5250,13.5150,12.9934,12.9934,805.81,10808,0
ac5b5f8d,ac5b5f8d,GPRK,target,40,18260,18660,15107,0914T133523,0914T151055,0915T143914,0,0,11.4200,11.7300,11.6700,10.7443,10.7443,1598.95,18298,0
ad46edff,ad46edff,QCOM,target,63,25573,26260,41305,0914T143609,0914T143946,0914T182337,1,1,175.7400,181.0850,180.8558,170.8310,170.8310,145.52,25565,0
ad7b82c6,ad7b82c6,MSTR,target,107,10958,12000,110008,0918T142429,0918T142910,0918T163136,1,1,137.0675,149.9800,149.5400,142.3378,134.4323,79.95,10947,0
b077b67a,ad7b82c6,MSTR,tp_parcial,106,10958,11580,,0918T142429,0918T142910,0918T143352,1,1,137.0675,145.1550,149.5400,139.7027,134.4323,79.95,10947,0
a2a12355,af85c98c,ADI,tp_parcial,38,38700,38740,,0916T141513,0916T184944,0917T134247,0,0,361.1050,364.6250,366.6700,356.8172,356.8172,107.17,38653,0
af85c98c,af85c98c,ADI,target,38,38700,39100,13411,0916T141513,0916T184944,0917T142147,0,0,361.1050,367.2650,366.6700,356.8172,356.8172,107.17,38653,0
b09fbd99,b09fbd99,META,target,71,39982,40540,36159,0904T173117,0904T173441,0904T185708,1,1,605.2700,613.6700,612.4200,595.8000,595.8000,66.06,40012,0
b18b8764,b18b8764,TSLA,stop,59,39095,38360,-46130,0909T134501,0909T134834,0910T133344,0,0,368.6000,361.3700,384.0400,361.4718,361.4718,106.06,39108,0
b2e99113,b2e99113,ORCL,stop,6,83700,76500,-43782,0908T133700,0910T133345,0914T133525,0,0,156.5000,143.0000,171.7600,146.4874,146.4874,534.82,85152,0
b3414a79,b3414a79,LAR,stop,202,9084,8830,-53497,0915T194645,0915T195038,0916T190455,0,0,5.6700,5.5150,5.8300,5.5310,5.5310,1602.11,9054,0
b3a657ce,b3a657ce,XOM,target,97,24970,25880,85286,0907T133748,0907T134138,0908T133543,0,0,159.1600,162.4500,161.2550,156.3280,156.3280,156.89,25869,0
b3d406f8,b3d406f8,RGTI,target,171,11972,12210,38196,0915T150327,0915T150643,0915T170047,1,1,15.0100,15.3500,15.3200,14.6815,14.6815,797.61,12004,0
b47a4c24,b47a4c24,AMD,target,17,73649,74700,16341,0904T143253,0904T143651,0904T144114,1,1,463.8800,470.0900,469.2200,447.8430,447.8430,158.77,73609,0
b832acf3,b832acf3,XOM,target,40,26265,26640,13720,0909T180955,0909T181349,0910T133345,0,0,164.6600,166.9100,165.6500,157.6388,157.6388,159.51,26250,0
b931eed5,b931eed5,SATL,target,104,8502,8780,27825,0921T134531,0921T134842,0921T142648,1,1,5.3100,5.4850,5.4300,5.1740,5.1740,1601.11,8471,0
e0840a41,b931eed5,SATL,tp_parcial,103,8502,8630,,0921T134531,0921T134842,0921T140621,1,1,5.3100,5.4050,5.4300,5.1740,5.1740,1601.11,8471,0
ba193353,ba193353,NVDA,target,160,14483,14600,15905,0917T135243,0917T135552,0917T141501,1,1,217.2000,219.4500,218.7400,212.9985,212.9985,66.68,14469,0
bc7143d4,bc7143d4,ADI,target,71,38287,38720,27435,0914T133504,0914T133853,0914T134808,1,1,359.5400,363.4500,363.2000,353.6292,353.6292,106.49,38341,0
1c57d7d1,bcc7400f,IREN,tp_parcial,67,6398,6460,,0921T182426,0921T182831,0921T184327,0,1,48.2000,48.7250,48.9100,45.6780,45.6780,132.73,6388,0
bcc7400f,bcc7400f,IREN,target,67,6398,6555,9994,0921T182426,0921T182831,0923T151946,0,0,48.2000,49.0700,48.9100,45.6780,45.6780,132.73,6388,0
5df46a94,be96f028,AMD,tp_parcial,1,97419,98850,,0923T173341,0923T173712,0923T193852,0,1,608.0900,615.7200,622.0000,537.7492,537.7492,160.21,97534,0
be96f028,be96f028,AMD,target,2,97419,100525,5972,0923T173341,0923T173712,0924T164934,0,0,608.0900,624.7200,622.0000,537.7492,537.7492,160.21,97534,0
beb0bd28,beb0bd28,MRVL,target,36,25152,27500,83381,0914T142111,0914T142440,0917T134137,0,0,220.4201,241.0000,240.1800,220.4201,209.6223,114.11,25139,0
c0b3a45d,c0b3a45d,IREN,target,243,5607,5835,53722,0914T135103,0914T135443,0914T141253,1,1,42.2100,43.8600,43.5200,40.8227,40.8227,132.85,5615,0
c140ac60,c140ac60,INTC,target,30,30471,33840,99903,0914T171119,0914T171441,0917T134138,0,0,95.2500,105.8300,104.9000,95.2500,90.6410,319.91,30470,0
c1d9991f,c1d9991f,MELI,target,46,25350,25760,17438,0910T151459,0910T151844,0910T152931,1,1,1913.0000,1939.4900,1924.8700,1840.0589,1840.0589,13.25,25446,0
c50da1ce,c50da1ce,KEEL,stop,17,32117,29400,-46822,0923T183547,0923T183838,0928T145101,0,0,3.9900,3.6300,4.1800,3.6751,3.6751,8049.26,32077,0
c5494eea,c5494eea,LAR,stop,91,9442,8950,-45785,0921T162039,0921T162404,0924T151910,0,0,5.9200,5.5800,6.9050,5.6105,5.6105,1594.98,9454,0
c6ff68d1,c6ff68d1,NBIS,target,27,13386,13720,8575,0921T141845,0921T142220,0921T151025,1,1,226.0300,231.7500,228.5000,212.1049,212.1049,59.22,13446,0
e1effd7e,c6ff68d1,NBIS,tp_parcial,27,13386,13510,,0921T141845,0921T142220,0921T142906,1,1,226.0300,227.8400,228.5000,212.1049,212.1049,59.22,13446,0
cb657b9d,cb657b9d,SPCX,target,197,4686,4865,34125,0908T152751,0908T153123,0908T153659,1,1,147.3200,152.5400,152.3000,140.1788,140.1788,31.81,4690,0
ccc18089,ccc18089,MELI,stop,56,26069,24730,-76705,0904T143320,0904T143651,0909T133431,0,0,1968.8800,1869.0100,2011.0601,1908.9233,1908.9233,13.24,26076,0
cdb989f0,cdb989f0,GOOGL,target,190,9559,9615,8436,0914T165528,0914T165835,0914T174024,1,1,346.3600,349.3000,349.0000,337.8087,337.8087,27.6,9551,0
ce085485,ce085485,NFLX,stop,945,2526,2377,-143608,0916T162108,0917T135124,0918T134141,0,0,75.9200,71.4700,78.4400,74.4849,74.4849,33.27,2517,0
cf799980,cf799980,COIN,trailing,162,10792,10620,-29963,0914T172752,0914T173156,0915T133447,0,0,182.8900,180.7500,193.8050,182.8900,178.1757,59.01,10773,0
bb010ffd,d048e66c,AMD,tp_parcial,17,97827,99450,,0924T175459,0924T175906,0924T180337,1,1,608.0900,618.2800,622.0000,600.1235,600.1235,160.88,97994,0
d048e66c,d048e66c,AMD,target,18,97827,100725,50002,0924T175459,0924T175906,0924T184848,1,1,608.0900,624.3800,622.0000,608.0900,600.1235,160.88,97994,0
0148ab09,d05e51fd,NBIS,tp_parcial,39,12504,12900,,0916T134441,0916T134835,0917T170701,0,0,212.0400,218.0000,223.4400,202.4429,202.4429,58.97,12517,0
d05e51fd,d05e51fd,NBIS,target,40,12504,13300,31216,0916T134441,0916T134835,0921T133046,0,0,212.0400,225.8900,223.4400,202.4429,202.4429,58.97,12517,0
d20cbe60,d20cbe60,MCD,stop,164,16957,16670,-50404,0908T142400,0908T142736,0916T133639,0,0,256.1210,251.1200,262.7752,251.9903,251.9903,66.21,16972,0
d27bd769,d27bd769,VIST,stop,41,39677,38500,-50196,0916T144354,0916T190929,0918T151033,0,0,74.5700,72.3800,75.9600,72.5188,72.5188,532.08,39660,0
d2e4291c,d2e4291c,SPCX,target,198,4728,4770,7178,0907T133809,0907T134138,0908T152243,0,0,147.3200,149.9200,149.6000,140.1788,140.1788,32.09,4678,0
d483e722,d483e722,JNJ,target,26,28405,28980,14047,0916T182403,0916T182733,0918T183125,0,0,267.0000,271.6300,271.2700,258.8552,258.8552,106.38,28376,0
f7ed7c39,d483e722,JNJ,tp_parcial,25,28405,28640,,0916T182403,0916T182733,0917T135312,0,0,267.0000,269.4800,271.2700,258.8552,258.8552,106.38,28376,0
d72eef2f,d72eef2f,OKLO,stop,429,2259,2165,-41474,0922T153305,0922T153620,0924T153946,0,0,39.6300,37.7300,43.8900,37.7836,37.7836,57,2250,0
38247e54,d7baae91,QCOM,tp_parcial,34,28130,28680,,0923T183414,0923T183731,0923T184159,0,1,193.2300,196.7700,199.6130,188.7693,188.7693,145.58,28194,0
d7baae91,d7baae91,QCOM,target,35,28130,29520,47429,0923T183414,0923T183731,0925T135327,0,0,193.2300,200.5000,199.6130,188.7693,188.7693,145.58,28194,0
d7cdde89,d7cdde89,TSLA,stop,25,40740,39220,-39209,0923T140852,0923T141133,0928T135020,0,0,381.3400,362.4300,409.2800,366.0198,366.0198,106.83,40796,0
d83f813d,d83f813d,UBER,stop,25,56938,55000,-50143,0916T160518,0916T160853,0923T140901,0,0,71.3100,68.7750,72.8026,69.0780,69.0780,798.46,56941,0
4dfcf87a,d8f29ebe,QCOM,tp_parcial,9,27674,28060,,0917T142509,0917T142857,0921T185013,0,0,191.0200,193.5600,196.0900,174.5098,174.5098,144.87,27696,0
d8f29ebe,d8f29ebe,QCOM,target,9,27674,28560,7668,0917T142509,0917T142857,0922T155546,0,0,191.0200,196.5100,196.0900,174.5098,174.5098,144.87,27696,0
da17526a,da17526a,LAR,stop,182,9113,8595,-96226,0924T165740,0924T170105,0928T134216,0,0,5.6700,5.3500,5.8300,5.5161,5.5161,1607.21,9091,0
40a8ba94,da4bfbe4,HUT,tp_parcial,44,28614,29460,,0917T142323,0917T142641,0917T144947,0,1,89.5782,92.5700,94.1000,88.0096,88.0096,319.43,28653,0
da4bfbe4,da4bfbe4,HUT,target,45,28614,30300,74266,0917T142323,0917T142641,0918T181126,0,0,89.5782,94.7600,94.1000,91.1468,88.0096,319.43,28653,0
37f31bc3,db2bc16b,SATL,tp_parcial,104,8490,8840,,0921T143323,0921T143707,0921T144137,1,1,5.3100,5.5500,5.5700,5.1740,5.1740,1598.91,8446,0
db2bc16b,db2bc16b,SATL,target,104,8490,8945,46223,0921T143323,0921T143707,0921T155429,1,1,5.3100,5.6250,5.5700,5.3100,5.1740,1598.91,8446,0
9b4d4547,dce1e17d,MU,tp_parcial,1,329473,346600,,0922T173902,0922T174239,0922T174713,1,1,1030.0150,1084.3600,1089.2900,984.1623,984.1623,319.87,329827,0
dce1e17d,dce1e17d,MU,target,2,329473,349675,39582,0922T173902,0922T174239,0922T190959,1,1,1030.0150,1093.9000,1089.2900,984.1623,984.1623,319.87,329827,0
df3596ea,df3596ea,TSLA,target,49,37586,38260,30778,0907T153004,0907T153238,0908T133542,0,0,351.3201,361.5300,357.0000,342.7836,342.7836,106.98,37566,0
dfb8baff,dfb8baff,MRNA,trailing,237,12008,11930,-21918,0914T153909,0914T154240,0915T145716,0,0,142.7800,142.5200,147.4999,142.7800,140.5294,84.1,12022,0
dfbe1b20,dfbe1b20,INTC,target,5,38587,41060,12124,0924T165752,0924T170106,0924T195053,1,1,120.0750,127.0800,126.6400,105.6552,105.6552,321.35,38581,0
f1364834,dfbe1b20,INTC,tp_parcial,4,38587,40480,,0924T165752,0924T170106,0924T170538,1,1,120.0750,125.9200,126.6400,105.6552,105.6552,321.35,38581,0
70c90710,dfbe6e26,PLTR,tp_parcial,4,97913,98400,,0922T134316,0922T134648,0922T195147,0,1,183.7900,184.8350,185.8300,175.2645,175.2645,532.74,97392,0
dfbe6e26,dfbe6e26,PLTR,target,5,97913,102975,24702,0922T134316,0922T134648,0923T134617,0,0,183.7900,192.9600,185.8300,175.2645,175.2645,532.74,97392,0
dfd1a179,dfd1a179,KEEL,trailing,64,29608,32000,150703,0918T181715,0918T182103,0923T142901,0,0,3.7010,4.0100,5.0500,4.0469,3.6145,8000,29664,0
ad23c827,e03cbbef,GGAL,tp_parcial,125,6491,6630,,0922T153255,0922T153620,0922T175945,0,1,40.6000,41.4800,42.2000,39.4817,39.4817,159.88,6491,0
e03cbbef,e03cbbef,GGAL,stop,126,6491,6317,-22900,0922T153255,0922T153620,0924T150307,0,0,40.6000,39.3330,42.2000,39.4817,39.4817,159.88,6491,0
9736ee52,e06eb8ab,INTC,tp_parcial,4,38385,39120,,0922T173915,0922T174239,0922T181707,0,1,120.0750,122.5300,124.7270,105.6552,105.6552,319.68,38476,0
e06eb8ab,e06eb8ab,INTC,target,5,38385,40280,9237,0922T173915,0922T174239,0924T164935,0,0,120.0750,125.3550,124.7270,105.6552,105.6552,319.68,38476,0
e2869b01,e2869b01,MELI,target,66,24664,25120,28108,0909T173854,0909T174243,0910T145001,0,0,1853.0302,1894.9300,1890.0000,1802.3049,1802.3049,13.31,24622,0
e2e338ee,e2e338ee,SATL,target,227,7709,7965,55959,0914T133506,0914T133852,0914T142650,1,1,4.7700,4.9800,4.9750,4.6472,4.6472,1616.24,7702,0
e342106c,e342106c,MU,target,5,289010,310625,106261,0914T134732,0914T135118,0917T134027,0,0,906.8900,969.9100,946.6210,906.8900,881.3917,318.68,290785,0
e38598d1,e38598d1,SNDK,stop,24,16184,14370,-43980,0909T173858,0909T174243,0914T133632,0,0,1728.0200,1519.6500,1807.3500,1531.2060,1531.2060,9.37,16217,0
d0a57259,e42d0123,XOM,tp_parcial,39,25231,25480,,0922T150133,0922T150503,0922T155655,0,1,157.7600,159.7300,161.5900,154.2328,154.2328,159.93,25236,0
e42d0123,e42d0123,XOM,target,40,25231,25900,25523,0922T150133,0922T150503,0923T142644,0,0,157.7600,161.6150,161.5900,154.2328,154.2328,159.93,25236,0
e4a94677,e4a94677,COIN,target,249,10591,10910,76192,0918T133642,0918T133924,0918T135136,1,1,179.4317,184.7100,181.4900,176.3767,176.3767,59.03,10597,0
a9791687,e5ce89a6,ADI,tp_parcial,25,39239,39480,,0918T140927,0918T141308,0918T152222,0,1,368.0300,371.1000,372.2700,359.8136,359.8136,106.62,39119,0
e5ce89a6,e5ce89a6,ADI,target,26,39239,39820,13862,0918T140927,0918T141308,0921T133047,0,0,368.0300,377.0000,372.2700,359.8136,359.8136,106.62,39119,0
e5e235ce,e5e235ce,MRNA,target,238,11975,12070,19148,0915T150639,0915T151012,0915T165455,1,1,142.7800,144.3500,144.2000,140.5294,140.5294,83.87,11987,0
e64c295a,e64c295a,IBM,target,55,25557,25800,11656,0916T174012,0916T174340,0917T135312,0,0,239.7000,242.3500,240.8065,232.1138,232.1138,106.62,25575,0
e6ac34e9,e6ac34e9,RGTI,stop,85,12497,12130,-32461,0917T145628,0917T145910,0918T141521,0,0,15.6650,15.2000,16.3000,15.3319,15.3319,797.75,12496,0
fe8c8a18,e6ac34e9,RGTI,tp_parcial,84,12497,12770,,0917T145628,0917T145910,0917T154141,0,1,15.6650,16.0150,16.3000,15.3319,15.3319,797.75,12496,0
2bfb61c7,e6ed6c86,ADI,tp_parcial,30,39542,39820,,0921T140231,0921T140622,0921T141729,1,1,371.0900,374.3800,376.8800,364.1530,364.1530,106.56,39547,0
e6ed6c86,e6ed6c86,ADI,target,30,39542,40300,21291,0921T140231,0921T140622,0921T151132,1,1,371.0900,378.6800,376.8800,364.1530,364.1530,106.56,39547,0
e7092bb1,e7092bb1,ARM,target,120,14435,14740,34482,0914T142107,0914T142440,0915T135159,0,0,243.1200,249.5800,247.9900,236.8305,236.8305,59.37,14453,0
acf6f453,e904f28b,MRVL,tp_parcial,19,28967,29840,,0924T173312,0924T174159,0924T184956,0,1,252.1900,259.6400,266.0000,242.2920,242.2920,114.86,28977,0
e904f28b,e904f28b,MRVL,target,20,28967,30880,37536,0924T173312,0924T174159,0925T163850,0,0,252.1900,267.2000,266.0000,242.2920,242.2920,114.86,28977,0
0d595bbf,ead2b326,ORCL,tp_parcial,6,78632,79725,,0917T135241,0917T135552,0917T141930,1,1,147.7500,150.0900,151.2600,141.3734,141.3734,532.2,78667,0
ead2b326,ead2b326,ORCL,target,7,78632,80950,15550,0917T135241,0917T135552,0917T155505,1,1,147.7500,151.9400,151.2600,141.3734,141.3734,532.2,78667,0
eae4947d,eae4947d,GOOGL,target,135,9446,9565,14512,0914T140554,0914T140928,0914T165256,1,1,342.5000,347.3500,346.7300,330.4903,330.4903,27.58,9458,0
eae88110,eae88110,AVGO,stop,128,14814,14330,-64209,0909T143147,0909T143524,0914T133354,0,0,362.5000,348.7000,367.1200,353.9350,353.9350,40.87,14824,0
8278f42d,eaea6649,AMD,tp_parcial,3,86470,87100,,0918T184719,0918T185021,0918T185515,1,1,541.5400,545.2100,546.4400,502.5076,502.5076,159.67,86540,0
eaea6649,eaea6649,AMD,target,4,86470,88100,6098,0918T184719,0918T185021,0918T195054,1,1,541.5400,547.6700,546.4400,502.5076,502.5076,159.67,86540,0
8922e4e7,eb83e17d,LAC,tp_parcial,56,4647,4767.5,,0914T165656,0914T165951,0921T155001,0,0,2.9000,2.9950,3.0500,2.6513,2.6513,1602.56,4623,0
eb83e17d,eb83e17d,LAC,stop,57,4647,4285,-20942,0914T165656,0914T165951,0929T162847,0,0,2.9000,2.6500,3.0500,2.6513,2.6513,1602.56,4623,0
ed3f2daa,ed3f2daa,WMT,target,201,9642,9705,10310,0914T141930,0914T142225,0914T161307,1,1,108.5600,109.4900,109.3500,106.0425,106.0425,88.82,9625,0
eea87ab5,eea87ab5,AMD,target,29,80180,82600,67324,0911T174218,0911T174551,0911T175657,1,1,501.3500,517.8700,517.3000,491.8826,491.8826,159.93,80122,0
b99bc29a,efabf1e8,IBM,tp_parcial,44,24574,24850,,0918T155604,0918T155946,0921T133740,0,0,230.5100,234.0000,234.4350,225.8082,225.8082,106.61,24537,0
efabf1e8,efabf1e8,IBM,target,45,24574,25140,24117,0918T155604,0918T155946,0923T140434,0,0,230.5100,235.5700,234.4350,225.8082,225.8082,106.61,24537,0
774026e1,eff21add,SATL,tp_parcial,103,8475,8935,,0921T160640,0921T161026,0921T161459,0,1,5.3100,5.6050,5.6900,5.3100,5.1740,1596.09,8461,0
eff21add,eff21add,SATL,target,104,8475,9135,67532,0921T160640,0921T161026,0922T185341,0,0,5.3100,5.7000,5.6900,5.4460,5.1740,1596.09,8461,0
c97af419,f114c912,VIST,tp_parcial,29,37080,37240,,0921T141528,0922T133353,0922T135607,0,1,69.0100,69.9600,70.7550,67.9014,67.9014,537.31,36980,0
f114c912,f114c912,VIST,target,30,37080,37940,24438,0921T141528,0922T133353,0923T140001,0,0,69.0100,71.0800,70.7550,67.9014,67.9014,537.31,36980,0
f27c3855,f27c3855,JNJ,stop,65,29101,28360,-50425,0904T173112,0904T173440,0908T133918,0,0,274.7500,268.0600,276.4700,268.2838,268.2838,105.92,29108,0
f364a93a,f364a93a,KEEL,target,65,29549,30360,50359,0918T154050,0918T154449,0918T155608,1,1,3.7010,3.8000,3.7700,3.6145,3.6145,7984.13,29529,0
b85b651f,f3f4c0f3,RGTI,tp_parcial,110,12923,13190,,0924T164438,0924T164721,0924T165157,0,1,16.0700,16.4650,16.5600,15.8180,15.8180,804.16,12981,0
f3f4c0f3,f3f4c0f3,RGTI,target,111,12923,13570,70038,0924T164438,0924T164721,0925T150721,0,0,16.0700,16.7050,16.5600,16.0700,15.8180,804.16,12981,0
f51ec954,f51ec954,AMD,target,32,76675,83150,204106,0914T174322,0914T174627,0916T133903,0,0,480.3300,519.2900,517.3500,497.6400,471.6750,159.63,76585,0
f62311b6,f62311b6,SATL,target,74,8173,8700,38243,0918T135318,0918T135600,0921T134203,0,0,5.1020,5.3850,5.2000,4.9138,4.9138,1601.94,8191,0
f89878d0,f62311b6,SATL,tp_parcial,74,8173,8250,,0918T135318,0918T135600,0918T140139,0,1,5.1020,5.1550,5.2000,4.9138,4.9138,1601.94,8191,0
616b3b78,f730eb6c,META,tp_parcial,24,46475,49660,,0921T184027,0921T184328,0921T184758,0,1,699.3300,746.7300,759.1600,712.9836,685.6764,66.46,46480,0
f730eb6c,f730eb6c,META,target,25,46475,51175,116023,0921T184027,0921T184328,0924T141321,0,0,699.3300,764.1850,759.1600,726.6372,685.6764,66.46,46480,0
f73180f6,f73180f6,XOM,target,107,26254,26980,74236,0910T182744,0910T183216,0914T133525,0,0,164.6600,169.0700,167.3700,162.0377,162.0377,159.44,26290,0
b0de165d,f94ef59b,META,tp_parcial,24,46545,49460,,0921T173855,0921T174157,0921T174630,1,1,699.3300,743.3900,744.0000,712.9836,685.6764,66.56,46540,0
f94ef59b,f94ef59b,META,target,25,46545,49680,76920,0921T173855,0921T174157,0921T183417,1,1,699.3300,746.7300,744.0000,712.9836,685.6764,66.56,46540,0
958b0945,fc34daa0,AVGO,tp_parcial,115,13864,14200,,0916T144545,0916T184134,0917T133349,0,0,337.9150,346.5600,347.6100,333.1614,333.1614,41.03,13824,0
fc34daa0,fc34daa0,AVGO,target,116,13864,14280,46281,0916T144545,0916T184134,0917T135956,0,0,337.9150,347.8100,347.6100,337.9150,333.1614,41.03,13824,0
637145eb,fc5592cc,RGTI,tp_parcial,78,13044,13190,,0923T145500,0923T145745,0923T151617,0,1,16.3100,16.5050,16.5600,15.9476,15.9476,799.76,12974,0
fc5592cc,fc5592cc,RGTI,stop,78,13044,12620,-34283,0923T145500,0923T145745,0924T135714,0,0,16.3100,15.7250,16.5600,15.9476,15.9476,799.76,12974,0
af1a7492,fc679282,XOM,tp_parcial,17,24831,25080,,0922T134323,0922T134648,0922T135130,1,1,156.1400,158.0100,159.0700,148.0464,148.0464,159.03,24797,0
fc679282,fc679282,XOM,target,18,24831,25440,10415,0922T134323,0922T134648,0922T145229,1,1,156.1400,159.4700,159.0700,148.0464,148.0464,159.03,24797,0
bc837505,fe431d25,COIN,tp_parcial,80,10784,11110,,0918T135305,0918T135600,0918T141851,1,1,182.8900,187.6300,189.2700,178.1757,178.1757,58.96,10810,0
fe431d25,fe431d25,COIN,target,81,10784,11210,33428,0918T135305,0918T135600,0918T143502,1,1,182.8900,189.4200,189.2700,178.1757,178.1757,58.96,10810,0
fe7a2a81,fe7a2a81,IREN,stop,349,5711,5555,-56823,0928T161356,0928T161644,0929T165221,0,0,42.2100,41.2100,43.5200,41.2592,41.2592,135.3,5721,0
773edee4,ff7cf67a,PLTR,tp_parcial,8,90484,92750,,0914T150434,0914T150736,0917T133348,0,0,169.7705,174.0400,176.4600,164.5500,164.5500,532.98,90467,0
ff7cf67a,ff7cf67a,PLTR,target,8,90484,94350,30033,0914T150434,0914T150736,0917T143655,0,0,169.7705,177.2700,176.4600,164.5500,164.5500,532.98,90467,0
f662c7ab,ffc8260e,AVGO,tp_parcial,74,14312,14440,,0924T135213,0924T150310,0924T164126,0,1,347.2200,350.4100,352.3400,339.9337,339.9337,41.22,14314,0
ffc8260e,ffc8260e,AVGO,target,75,14312,14660,24785,0924T135213,0924T150310,0925T134630,0,0,347.2200,353.1900,352.3400,339.9337,339.9337,41.22,14314,0
ffd7cbd0,ffd7cbd0,IBM,stop,101,26126,25720,-44174,0915T174028,0915T174331,0916T134334,0,0,246.1500,241.5100,258.2800,241.9742,241.9742,106.14,26119,0
